Workbook
Name Slicer_Assigned_To: #N/A
Name Slicer_Department: #N/A
Name Slicer_Priority: #N/A
Name Slicer_Task_Status: #N/A

Sheet Raw_Data
A1: Task ID | B1: Project Name | C1: Department | D1: Assigned To | E1: Role | F1: Priority | G1: Task Category | H1: Start Date | I1: Due Date | J1: Completion Date | K1: Task Status | L1: Progress % | M1: Estimated Hours | N1: Actual Hours | O1: Variance | P1: Remarks
A2: TSK-0001 | B2: CRM Migration | C2: IT | D2: Pooja Reddy | E2: Manager | F2: HIGH | G2: Research | H2: 45367 | I2: 45419 | J2: 45430 | K2: COMPLETED | L2: 100 | M2: 10.6 | N2: 12.5 | P2: Waiting for client feedback
A3: TSK-0002 | B3: Product Launch | C3: Sales | D3: Ananya Das | E3: Analyst | F3: Low | G3: design | H3: 45662 | I3: 45708 | K3: on hold | M3: 48.8
A4: TSK-0003 | B4: Marketing Campaign | C4: HR | D4: Vikram Singh | E4: developer | F4: HIGH | G4: planning | H4: 45348 | I4: 45358 | K4: On Hold | M4: 68.4 | P4: Resource conflict
A5: TSK-0004 | B5: Data Analytics Platform | C5: Finance | D5: Karan Malhotra | E5: tester | F5: high | G5: Planning | H5: 45617 | I5: 45661 | K5: NOT STARTED | M5: 18.6 | P5: Need more resources
A6: TSK-0005 | B6: Employee Onboarding | C6: it | D6: Meera Thakur | E6: manager | F6: critical | G6: Testing | H6: 45490 | I6: 45512 | K6: On Hold | L6: 28 | M6: 32.1 | P6: final review stage
A7: TSK-0006 | B7: CRM Migration | C7: FINANCE | D7: Deepak Nair | E7: manager | F7: High | G7: documentation | H7: 45490 | I7: 45512 | K7: IN PROGRESS | L7: 73 | M7: 66.5 | N7: 25.2 | P7: On track
A8: TSK-0007 | B8: Mobile App v2 | C8: HR | D8: Sneha Gupta | E8: Lead | F8: Medium | G8: documentation | H8: 45369 | I8: 45390 | K8: In Progress | L8: 65% | M8: 60.8 | N8: 32.8 | P8: Stakeholder review next week
A9: TSK-0008 | B9: Annual Audit | C9: Sales | D9: Kavita Rao | E9: ANALYST | F9: Critical | G9: development | H9: 45352 | I9: 45366 | K9: in progress | M9: 33 | N9: 16.7 | P9: Priority shifted
A10: TSK-0009 | B10: CRM Migration | C10: HR | D10: Sanjay Kulkarni | E10: designer | F10: high | G10: Planning | H10: 45518 | I10: 45533 | K10: On Hold | M10: 70.6 | N10: 0 | P10: Rescheduled
A11: TSK-0010 | B11: Supply Chain Optimization | C11: Finance | D11: Meera Thakur | E11: Designer | F11: critical | G11: deployment | H11: 45607 | I11: 45624 | K11: In Progress | L11: 57 | M11: 49.5 | N11: 6.8 | P11: Stakeholder review next week
A12: TSK-0011 | B12: Product Launch | C12: IT | D12: Sneha Gupta | E12: ANALYST | F12: high | G12: Deployment | H12: 45331 | I12: 45384 | K12: In Progress | L12: 62 | M12: 24.1 | N12: 10.3 | P12: Almost done
A13: TSK-0012 | B13: Product Launch | C13: hr | D13: Arjun Mehta | E13: Tester | F13: MEDIUM | G13: deployment | H13: 45527 | I13: 45539 | K13: IN PROGRESS | L13: 38 | M13: 48.7 | P13: Needs QA sign-off
A14: TSK-0013 | B14: CRM Migration | C14: IT | D14: Sneha Gupta | E14: ANALYST | F14: Critical | G14: development | H14: 45465 | I14: 45474 | K14: cancelled | L14: 0 | M14: 25.2 | N14: 0 | P14: Almost done
A15: TSK-0014 | B15: Annual Audit | C15: sales | D15: Sneha Gupta | E15: Lead | F15: Critical | G15: Documentation | H15: 45393 | I15: 45404 | J15: 45415 | K15: COMPLETED | L15: 100% | M15: 30.9 | N15: 32.3 | P15: escalated to management
A16: TSK-0015 | B16: Website Redesign | C16: operations | D16: Pooja Reddy | E16: designer | F16: Critical | G16: Testing | H16: 45423 | I16: 45440 | K16: In Progress | M16: 17.9 | N16: 14.3 | P16: On track
A17: TSK-0016 | B17: Supply Chain Optimization | C17: Finance | D17: Rahul Sharma | E17: Analyst | F17: high | G17: Research | H17: 45381 | I17: 45412 | K17: Cancelled | M17: 20.2 | N17: 0 | P17: Need more resources
A18: TSK-0017 | B18: Marketing Campaign | C18: IT | D18: Arjun Mehta | E18: Manager | F18: Critical | G18: documentation | H18: 45442 | I18: 45474 | K18: Cancelled | L18: 0 | M18: 18.4 | P18: Need more resources
A19: TSK-0018 | B19: Supply Chain Optimization | C19: IT | D19: Pooja Reddy | E19: designer | F19: High | G19: development | H19: 45595 | I19: 45630 | K19: cancelled | M19: 16 | P19: On track
A20: TSK-0019 | B20: CRM Migration | C20: it | D20: Rohan Iyer | E20: manager | F20: Medium | G20: Testing | H20: 45587 | I20: 45607 | J20: 45616 | K20: completed | L20: 100 | M20: 35.9 | N20: 44.2 | P20: Rescheduled
A21: TSK-0020 | B21: Product Launch | C21: HR | D21: Sneha Gupta | E21: Manager | F21: Medium | G21: testing | H21: 45639 | I21: 45685 | K21: not started | M21: 28 | P21: Waiting for client feedback
A22: TSK-0021 | B22: Mobile App v2 | C22: Finance | D22: Priya Patel | E22: Manager | F22: Low | G22: research | H22: 45363 | I22: 45390 | J22: 45387 | K22: Completed | L22: 100 | M22: 25.7 | N22: 28.2 | P22: Priority shifted
A23: TSK-0022 | B23: Supply Chain Optimization | C23: IT | D23: Rohan Iyer | E23: Designer | F23: Critical | G23: Testing | H23: 45364 | I23: 45385 | J23: 45378 | K23: COMPLETED | L23: 100 | M23: 15.8 | N23: 12.1 | P23: Almost done
A24: TSK-0023 | B24: Employee Onboarding | C24: Sales | D24: Kavita Rao | E24: Manager | F24: Critical | G24: development | H24: 45343 | I24: 45388 | K24: on hold | L24: 22 | M24: 4.3 | P24: Waiting on approval
A25: TSK-0024 | B25: Annual Audit | C25: Sales | D25: Deepak Nair | E25: Coordinator | F25: Low | G25: Development | H25: 45353 | I25: 45362 | K25: In Progress | L25: 22 | M25: 36.7 | P25: Stakeholder review next week
A26: TSK-0025 | B26: IT Infrastructure | C26: Marketing | D26: Rohan Iyer | E26: manager | F26: Low | G26: Testing | H26: 45477 | I26: 45531 | K26: on hold | L26: 14 | M26: 69.7
A27: TSK-0026 | B27: Annual Audit | C27: HR | D27: Sanjay Kulkarni | E27: Coordinator | F27: Critical | G27: Research | H27: 45432 | I27: 45447 | J27: 45449 | K27: COMPLETED | L27: 100 | M27: 69.3 | N27: 63.2
A28: TSK-0027 | B28: Product Launch | C28: marketing | D28: Rahul Sharma | E28: Manager | F28: Medium | G28: planning | H28: 45438 | I28: 45498 | J28: 45512 | K28: Completed | L28: 100 | M28: 30.7 | N28: 36.1 | P28: final review stage
A29: TSK-0028 | B29: Website Redesign | C29: Finance | D29: Karan Malhotra | E29: Manager | F29: High | G29: research | H29: 45315 | I29: 45326 | K29: on hold | M29: 63.8 | N29: 0 | P29: Team capacity issue
A30: TSK-0029 | B30: CRM Migration | C30: operations | D30: Karan Malhotra | E30: Manager | F30: Medium | G30: development | H30: 45658 | I30: 45690 | J30: 45696 | K30: Completed | L30: 100 | M30: 56.2 | N30: 78.8 | P30: escalated to management
A31: TSK-0030 | B31: Marketing Campaign | C31: it | D31: Rohan Iyer | E31: designer | F31: low | G31: planning | H31: 45635 | I31: 45694 | J31: 45707 | K31: COMPLETED | L31: 100 | M31: 42.5 | N31: 54.2 | P31: Budget approved
A32: TSK-0031 | B32: Supply Chain Optimization | C32: finance | D32: Sneha Gupta | E32: Coordinator | F32: Low | G32: review | H32: 45642 | I32: 45694 | K32: in progress | M32: 45.6 | P32: Scope changed mid-sprint
A33: TSK-0032 | B33: Marketing Campaign | C33: HR | D33: Kavita Rao | E33: coordinator | F33: MEDIUM | G33: design | H33: 45557 | I33: 45592 | K33: in progress | L33: 62% | M33: 11.1 | N33: 3.9 | P33: Scope changed mid-sprint
A34: TSK-0033 | B34: Product Launch | C34: finance | D34: Rahul Sharma | E34: analyst | F34: HIGH | G34: Deployment | H34: 45608 | I34: 45667 | J34: 45671 | K34: Completed | L34: 100% | M34: 71.3 | N34: 79.3 | P34: no blockers
A35: TSK-0034 | B35: Marketing Campaign | C35: marketing | D35: Amit Verma | E35: Analyst | F35: Critical | G35: Testing | H35: 45694 | I35: 45726 | K35: IN PROGRESS | M35: 7.8 | P35: Delayed due to dependency
A36: TSK-0035 | B36: Annual Audit | C36: Sales | D36: Rohan Iyer | E36: lead | F36: Low | G36: planning | H36: 45682 | I36: 45715 | K36: cancelled | M36: 67.1
A37: TSK-0036 | B37: Data Analytics Platform | C37: Sales | D37: Vikram Singh | E37: manager | F37: critical | G37: research | H37: 45688 | I37: 45742 | K37: cancelled | M37: 51.6 | N37: 0
A38: TSK-0037 | B38: Employee Onboarding | C38: marketing | D38: Vikram Singh | E38: designer | F38: medium | G38: Development | H38: 45366 | I38: 45380 | K38: IN PROGRESS | L38: 64 | M38: 8.9 | N38: 5.3
A39: TSK-0038 | B39: Product Launch | C39: Operations | D39: Arjun Mehta | E39: Analyst | F39: critical | G39: review | H39: 45540 | I39: 45545 | K39: NOT STARTED | L39: 0 | M39: 61.3 | N39: 0 | P39: Priority shifted
A40: TSK-0039 | B40: Mobile App v2 | C40: marketing | D40: Kavita Rao | E40: manager | F40: Medium | G40: Documentation | H40: 45544 | I40: 45550 | K40: On Hold | M40: 55.6 | N40: 0 | P40: escalated to management
A41: TSK-0040 | B41: Data Analytics Platform | C41: finance | D41: Ananya Das | E41: Analyst | F41: Critical | G41: review | H41: 45599 | I41: 45640 | J41: 45632 | K41: Completed | L41: 100% | M41: 14.3 | N41: 17.8 | P41: Need more resources
A42: TSK-0041 | B42: IT Infrastructure | C42: Marketing | D42: Kavita Rao | E42: designer | F42: medium | G42: review | H42: 45438 | I42: 45491 | K42: on hold | L42: 21 | M42: 39.7 | P42: Priority shifted
A43: TSK-0042 | B43: IT Infrastructure | C43: marketing | D43: Rohan Iyer | E43: ANALYST | F43: Critical | G43: development | H43: 45682 | I43: 45688 | K43: IN PROGRESS | L43: 73 | M43: 22.1 | N43: 4 | P43: Almost done
A44: TSK-0043 | B44: Employee Onboarding | C44: Operations | D44: Amit Verma | E44: Developer | F44: Critical | G44: Design | H44: 45455 | I44: 45466 | J44: 45465 | K44: Completed | L44: 100 | M44: 55.5 | N44: 78.8
A45: TSK-0044 | B45: Mobile App v2 | C45: marketing | D45: Priya Patel | E45: Designer | F45: critical | G45: Testing | H45: 45585 | I45: 45640 | J45: 45641 | K45: completed | L45: 100 | M45: 36.6 | N45: 36.4 | P45: Rescheduled
A46: TSK-0045 | B46: Marketing Campaign | C46: sales | D46: Priya Patel | E46: Coordinator | F46: medium | G46: documentation | H46: 45658 | I46: 45672 | K46: on hold | M46: 43.7 | P46: Resource conflict
A47: TSK-0046 | B47: Supply Chain Optimization | C47: sales | D47: Kavita Rao | E47: Coordinator | F47: critical | G47: research | H47: 45461 | I47: 45520 | K47: IN PROGRESS | L47: 37 | M47: 61 | N47: 37.3 | P47: Budget approved
A48: TSK-0047 | B48: Data Analytics Platform | C48: HR | D48: Amit Verma | E48: Lead | F48: HIGH | G48: Review | H48: 45428 | I48: 45454 | K48: Not Started | M48: 57.3 | N48: 0 | P48: Priority shifted
A49: TSK-0048 | B49: Supply Chain Optimization | C49: Marketing | D49: Priya Patel | E49: manager | F49: LOW | G49: Documentation | H49: 45546 | I49: 45586 | K49: IN PROGRESS | M49: 64.3 | P49: Needs QA sign-off
A50: TSK-0049 | B50: Product Launch | C50: hr | D50: Rohan Iyer | E50: Tester | F50: MEDIUM | G50: deployment | H50: 45472 | I50: 45504 | K50: Not Started | L50: 0 | M50: 57.4 | N50: 0 | P50: Scope changed mid-sprint
A51: TSK-0050 | B51: Product Launch | C51: Finance | D51: Pooja Reddy | E51: Manager | F51: medium | G51: Testing | H51: 45676 | I51: 45715 | K51: in progress | L51: 60% | M51: 59.1 | N51: 28.9 | P51: Scope changed mid-sprint
A52: TSK-0051 | B52: Product Launch | C52: hr | D52: Sneha Gupta | E52: Tester | F52: High | G52: Planning | H52: 45303 | I52: 45353 | K52: In Progress | L52: 33% | M52: 57
A53: TSK-0052 | B53: CRM Migration | C53: IT | D53: Ananya Das | E53: Designer | F53: MEDIUM | G53: Deployment | H53: 45521 | I53: 45547 | K53: in progress | L53: 16 | M53: 66.5 | N53: 6.3 | P53: Waiting on approval
A54: TSK-0053 | B54: Annual Audit | C54: finance | D54: Sanjay Kulkarni | E54: Designer | F54: high | G54: Research | H54: 45356 | I54: 45396 | K54: on hold | M54: 32.9 | N54: 0 | P54: Scope changed mid-sprint
A55: TSK-0054 | B55: Marketing Campaign | C55: hr | D55: Ananya Das | E55: analyst | F55: low | G55: Testing | H55: 45686 | I55: 45704 | K55: In Progress | L55: 62 | M55: 22.2 | N55: 4.8
A56: TSK-0055 | B56: Mobile App v2 | C56: sales | D56: Vikram Singh | E56: analyst | F56: HIGH | G56: Planning | H56: 45657 | I56: 45680 | K56: On Hold | M56: 21.7 | N56: 0 | P56: Waiting on approval
A57: TSK-0056 | B57: Product Launch | C57: Operations | D57: Priya Patel | E57: manager | F57: Low | G57: testing | H57: 45432 | I57: 45489 | K57: In Progress | L57: 40% | M57: 49.2 | N57: 40.9
A58: TSK-0057 | B58: Data Analytics Platform | C58: hr | D58: Pooja Reddy | E58: tester | F58: Medium | G58: deployment | H58: 45572 | I58: 45608 | K58: On Hold | M58: 7 | N58: 0 | P58: escalated to management
A59: TSK-0058 | B59: Mobile App v2 | C59: HR | D59: Rahul Sharma | E59: ANALYST | F59: HIGH | G59: Development | H59: 45687 | I59: 45735 | K59: Not Started | M59: 7.1
A60: TSK-0059 | B60: Data Analytics Platform | C60: HR | D60: Amit Verma | E60: Coordinator | F60: Low | G60: Deployment | H60: 45342 | I60: 45377 | K60: NOT STARTED | M60: 29.3 | P60: Delayed due to dependency
A61: TSK-0060 | B61: IT Infrastructure | C61: Operations | D61: Pooja Reddy | E61: Lead | F61: Medium | G61: review | H61: 45685 | I61: 45725 | J61: 45729 | K61: completed | L61: 100 | M61: 27.9 | N61: 25.8
A62: TSK-0061 | B62: Website Redesign | C62: Sales | D62: Arjun Mehta | E62: analyst | F62: HIGH | G62: deployment | H62: 45481 | I62: 45525 | K62: Cancelled | M62: 37.6 | P62: Almost done
A63: TSK-0062 | B63: Supply Chain Optimization | C63: finance | D63: Karan Malhotra | E63: Designer | F63: MEDIUM | G63: Deployment | H63: 45358 | I63: 45364 | K63: IN PROGRESS | L63: 30 | M63: 46 | P63: Delayed due to dependency
A64: TSK-0063 | B64: CRM Migration | C64: finance | D64: Kavita Rao | E64: Designer | F64: Low | G64: research | H64: 45508 | I64: 45566 | K64: Cancelled | M64: 22.5 | P64: Blocked by vendor
A65: TSK-0064 | B65: Product Launch | C65: Sales | D65: Pooja Reddy | E65: developer | F65: critical | G65: Development | H65: 45437 | I65: 45491 | K65: on hold | M65: 24.3 | P65: Scope changed mid-sprint
A66: TSK-0065 | B66: Mobile App v2 | C66: sales | D66: Meera Thakur | E66: developer | F66: MEDIUM | G66: Deployment | H66: 45472 | I66: 45498 | K66: On Hold | M66: 70.1 | P66: Needs QA sign-off
A67: TSK-0066 | B67: Marketing Campaign | C67: marketing | D67: Meera Thakur | E67: Coordinator | F67: High | G67: planning | H67: 45677 | I67: 45712 | K67: On Hold | M67: 64.2 | P67: Blocked by vendor
A68: TSK-0067 | B68: Website Redesign | C68: finance | D68: Deepak Nair | E68: designer | F68: critical | G68: Testing | H68: 45521 | I68: 45532 | K68: cancelled | M68: 5.2
A69: TSK-0068 | B69: CRM Migration | C69: sales | D69: Sanjay Kulkarni | E69: Manager | F69: medium | G69: review | H69: 45628 | I69: 45638 | K69: Not Started | M69: 32.9 | N69: 0 | P69: Waiting on approval
A70: TSK-0069 | B70: Supply Chain Optimization | C70: IT | D70: Ananya Das | E70: ANALYST | F70: HIGH | G70: Planning | H70: 45412 | I70: 45464 | J70: 45467 | K70: Completed | L70: 100 | M70: 61.8 | N70: 75 | P70: Delayed due to dependency
A71: TSK-0070 | B71: Employee Onboarding | C71: IT | D71: Rahul Sharma | E71: designer | F71: Critical | G71: development | H71: 45446 | I71: 45473 | K71: NOT STARTED | M71: 15.1
A72: TSK-0071 | B72: Annual Audit | C72: FINANCE | D72: Amit Verma | E72: ANALYST | F72: low | G72: review | H72: 45613 | I72: 45661 | K72: IN PROGRESS | L72: 78 | M72: 21.6 | N72: 10 | P72: final review stage
A73: TSK-0072 | B73: Data Analytics Platform | C73: hr | D73: Rohan Iyer | E73: Developer | F73: high | G73: documentation | H73: 45472 | I73: 45514 | K73: not started | M73: 56.5 | N73: 0 | P73: Scope changed mid-sprint
A74: TSK-0073 | B74: Marketing Campaign | C74: sales | D74: Priya Patel | E74: manager | F74: Medium | G74: Review | H74: 45590 | I74: 45613 | K74: not started | L74: 0 | M74: 78.3
A75: TSK-0074 | B75: Website Redesign | C75: IT | D75: Karan Malhotra | E75: Lead | F75: critical | G75: Planning | H75: 45693 | I75: 45749 | K75: IN PROGRESS | L75: 71 | M75: 52.4 | N75: 32.6 | P75: escalated to management
A76: TSK-0075 | B76: CRM Migration | C76: IT | D76: Vikram Singh | E76: coordinator | F76: High | G76: Review | H76: 45670 | I76: 45683 | J76: 45682 | K76: Completed | L76: 100 | M76: 60.8 | N76: 52.8 | P76: Blocked by vendor
A77: TSK-0076 | B77: Supply Chain Optimization | C77: Sales | D77: Karan Malhotra | E77: Manager | F77: critical | G77: Design | H77: 45427 | I77: 45484 | K77: Cancelled | M77: 60.7 | N77: 0 | P77: Delayed due to dependency
A78: TSK-0077 | B78: CRM Migration | C78: finance | D78: Sanjay Kulkarni | E78: manager | F78: critical | G78: review | H78: 45581 | I78: 45609 | J78: 45624 | K78: Completed | L78: 100% | M78: 5.1 | N78: 11.6
A79: TSK-0078 | B79: Mobile App v2 | C79: operations | D79: Meera Thakur | E79: Tester | F79: high | G79: Research | H79: 45537 | I79: 45543 | K79: Not Started | M79: 20.8 | P79: Waiting on approval
A80: TSK-0079 | B80: Employee Onboarding | C80: Operations | D80: Priya Patel | E80: developer | F80: High | G80: development | H80: 45451 | I80: 45487 | J80: 45480 | K80: COMPLETED | L80: 100 | M80: 71.4 | N80: 61.8
A81: TSK-0080 | B81: Marketing Campaign | C81: finance | D81: Karan Malhotra | E81: Coordinator | F81: Low | G81: Testing | H81: 45546 | I81: 45590 | K81: on hold | L81: 22 | M81: 56.5
A82: TSK-0081 | B82: Product Launch | C82: Operations | D82: Priya Patel | E82: Tester | F82: Low | G82: Review | H82: 45327 | I82: 45357 | K82: Not Started | L82: 0 | M82: 77.6 | N82: 0 | P82: On track
A83: TSK-0082 | B83: Mobile App v2 | C83: IT | D83: Rahul Sharma | E83: designer | F83: HIGH | G83: testing | H83: 45585 | I83: 45603 | J83: 45617 | K83: Completed | L83: 100 | M83: 19.7 | N83: 13.3 | P83: Needs QA sign-off
A84: TSK-0083 | B84: Mobile App v2 | C84: IT | D84: Vikram Singh | E84: developer | F84: High | G84: research | H84: 45385 | I84: 45397 | J84: 45391 | K84: Completed | L84: 100 | M84: 31.2 | N84: 47.7 | P84: Dependencies unresolved
A85: TSK-0084 | B85: Annual Audit | C85: HR | D85: Rahul Sharma | E85: developer | F85: LOW | G85: Documentation | H85: 45565 | I85: 45577 | J85: 45582 | K85: Completed | L85: 100% | M85: 63.1 | N85: 68.6 | P85: Delayed due to dependency
A86: TSK-0085 | B86: Product Launch | C86: IT | D86: Pooja Reddy | E86: lead | F86: Medium | G86: documentation | H86: 45625 | I86: 45631 | J86: 45636 | K86: completed | L86: 100% | M86: 36.4 | N86: 25.7 | P86: no blockers
A87: TSK-0086 | B87: CRM Migration | C87: HR | D87: Ananya Das | E87: developer | F87: high | G87: testing | H87: 45436 | I87: 45480 | K87: Not Started | M87: 79.6 | P87: Scope changed mid-sprint
A88: TSK-0087 | B88: Supply Chain Optimization | C88: Operations | D88: Priya Patel | E88: Developer | F88: critical | G88: design | H88: 45516 | I88: 45549 | K88: IN PROGRESS | M88: 35.6
A89: TSK-0088 | B89: Employee Onboarding | C89: Operations | D89: Amit Verma | E89: Lead | F89: high | G89: Development | H89: 45339 | I89: 45349 | K89: on hold | M89: 60.1 | P89: Priority shifted
A90: TSK-0089 | B90: Mobile App v2 | C90: HR | D90: Rohan Iyer | E90: Developer | F90: Medium | G90: Review | H90: 45636 | I90: 45689 | K90: on hold | M90: 49.6 | N90: 0 | P90: Delayed due to dependency
A91: TSK-0090 | B91: Supply Chain Optimization | C91: Marketing | D91: Amit Verma | E91: Lead | F91: HIGH | G91: Testing | H91: 45475 | I91: 45534 | K91: NOT STARTED | L91: 0 | M91: 62 | P91: Needs QA sign-off
A92: TSK-0091 | B92: Supply Chain Optimization | C92: IT | D92: Ananya Das | E92: Manager | F92: High | G92: Design | H92: 45435 | I92: 45484 | K92: not started | L92: 0 | M92: 30.7 | P92: Blocked by vendor
A93: TSK-0092 | B93: Marketing Campaign | C93: it | D93: Amit Verma | E93: Analyst | F93: high | G93: deployment | H93: 45406 | I93: 45435 | K93: on hold | M93: 16 | N93: 0 | P93: escalated to management
A94: TSK-0093 | B94: Mobile App v2 | C94: it | D94: Karan Malhotra | E94: analyst | F94: High | G94: Design | H94: 45682 | I94: 45726 | J94: 45737 | K94: completed | L94: 100 | M94: 24.7 | N94: 36.2
A95: TSK-0094 | B95: Marketing Campaign | C95: HR | D95: Sneha Gupta | E95: lead | F95: high | G95: Review | H95: 45516 | I95: 45528 | K95: not started | M95: 41 | P95: Scope changed mid-sprint
A96: TSK-0095 | B96: Product Launch | C96: operations | D96: Ananya Das | E96: analyst | F96: High | G96: design | H96: 45450 | I96: 45468 | K96: In Progress | L96: 42 | M96: 4.6 | N96: 2.4
A97: TSK-0096 | B97: Product Launch | C97: Sales | D97: Deepak Nair | E97: Tester | F97: high | G97: review | H97: 45675 | I97: 45682 | K97: on hold | M97: 74 | N97: 0 | P97: Dependencies unresolved
A98: TSK-0097 | B98: Mobile App v2 | C98: operations | D98: Pooja Reddy | E98: Coordinator | F98: Medium | G98: Testing | H98: 45503 | I98: 45509 | K98: Not Started | L98: 0 | M98: 64.9
A99: TSK-0098 | B99: CRM Migration | C99: Operations | D99: Meera Thakur | E99: Developer | F99: HIGH | G99: Documentation | H99: 45597 | I99: 45627 | K99: cancelled | L99: 0 | M99: 34.1 | N99: 0 | P99: escalated to management
A100: TSK-0099 | B100: Product Launch | C100: HR | D100: Sanjay Kulkarni | E100: Developer | F100: high | G100: deployment | H100: 45620 | I100: 45632 | K100: cancelled | M100: 18.7 | N100: 0 | P100: Stakeholder review next week
...

Sheet Lookup_Lists
A1: Messy_Priority | B1: Clean_Priority | D1: Messy_Status | E1: Clean_Status | G1: Messy_Department | H1: Clean_Department | J1: Messy_Category | K1: Clean_Category | M1: Messy_Role | N1: Clean_Role | P1: Valid_Priorities | Q1: Valid_Statuses | R1: Valid_Departments | S1: Valid_Categories | T1: Valid_Roles
A2: high | B2: High | D2: completed | E2: Completed | G2: IT | H2: IT | J2: Development | K2: Development | M2: Analyst | N2: Analyst | P2: Critical | Q2: Completed | R2: IT | S2: Development | T2: Analyst
A3: HIGH | B3: High | D3: COMPLETED | E3: Completed | G3: IT | H3: IT | J3: development | K3: Development | M3: analyst | N3: Analyst | P3: High | Q3: In Progress | R3: Finance | S3: Testing | T3: Developer
A4: High | B4: High | D4: Completed | E4: Completed | G4: it | H4: IT | J4: Development | K4: Development | M4: ANALYST | N4: Analyst | P4: Medium | Q4: Not Started | R4: Marketing | S4: Design | T4: Manager
A5: high | B5: High | D5: Completed | E5: Completed | G5: It | H5: IT | J5: Testing | K5: Testing | M5: analyst | N5: Analyst | P5: Low | Q5: On Hold | R5: HR | S5: Research | T5: Designer
A6: medium | B6: Medium | D6: completed | E6: Completed | G6: Finance | H6: Finance | J6: testing | K6: Testing | M6: Developer | N6: Developer | Q6: Cancelled | R6: Operations | S6: Planning | T6: Tester
A7: MEDIUM | B7: Medium | D7: in progress | E7: In Progress | G7: finance | H7: Finance | J7: testing | K7: Testing | M7: developer | N7: Developer | R7: Sales | S7: Review | T7: Coordinator
A8: Medium | B8: Medium | D8: IN PROGRESS | E8: In Progress | G8: FINANCE | H8: Finance | J8: Design | K8: Design | M8: Developer | N8: Developer | S8: Documentation | T8: Lead
A9: medium | B9: Medium | D9: In Progress | E9: In Progress | G9: finance | H9: Finance | J9: design | K9: Design | M9: DEVELOPER | N9: Developer | S9: Deployment
A10: low | B10: Low | D10: In Progress | E10: In Progress | G10: finance | H10: Finance | J10: DESIGN | K10: Design | M10: Manager | N10: Manager
A11: LOW | B11: Low | D11: in progress | E11: In Progress | G11: Marketing | H11: Marketing | J11: Research | K11: Research | M11: manager | N11: Manager
A12: Low | B12: Low | D12: not started | E12: Not Started | G12: marketing | H12: Marketing | J12: research | K12: Research | M12: Manager | N12: Manager
A13: low | B13: Low | D13: NOT STARTED | E13: Not Started | G13: MARKETING | H13: Marketing | J13: research | K13: Research | M13: MANAGER | N13: Manager
A14: critical | B14: Critical | D14: Not Started | E14: Not Started | G14: marketing | H14: Marketing | J14: Planning | K14: Planning | M14: Designer | N14: Designer
A15: CRITICAL | B15: Critical | D15: Not Started | E15: Not Started | G15: HR | H15: HR | J15: planning | K15: Planning | M15: designer | N15: Designer
A16: Critical | B16: Critical | D16: not started | E16: Not Started | G16: hr | H16: HR | J16: PLANNING | K16: Planning | M16: designer | N16: Designer
A17: critical | B17: Critical | D17: on hold | E17: On Hold | G17: HR | H17: HR | J17: Review | K17: Review | M17: Tester | N17: Tester
A18: High | B18: High | D18: ON HOLD | E18: On Hold | G18: hr | H18: HR | J18: review | K18: Review | M18: tester | N18: Tester
A19: Medium | B19: Medium | D19: On Hold | E19: On Hold | G19: Operations | H19: Operations | J19: review | K19: Review | M19: tester | N19: Tester
A20: Low | B20: Low | D20: On Hold | E20: On Hold | G20: operations | H20: Operations | J20: Documentation | K20: Documentation | M20: Coordinator | N20: Coordinator
A21: Critical | B21: Critical | D21: on hold | E21: On Hold | G21: Operations | H21: Operations | J21: documentation | K21: Documentation | M21: coordinator | N21: Coordinator
D22: cancelled | E22: Cancelled | G22: OPERATIONS | H22: Operations | J22: DOCUMENTATION | K22: Documentation | M22: COORDINATOR | N22: Coordinator
D23: CANCELLED | E23: Cancelled | G23: Sales | H23: Sales | J23: Deployment | K23: Deployment | M23: Lead | N23: Lead
D24: Cancelled | E24: Cancelled | G24: sales | H24: Sales | J24: deployment | K24: Deployment | M24: lead | N24: Lead
D25: Cancelled | E25: Cancelled | G25: Sales | H25: Sales | J25: deployment | K25: Deployment | M25: lead | N25: Lead
D26: cancelled | E26: Cancelled | G26: SALES | H26: Sales

Sheet Clean_Data
A1: Task ID | B1: Project Name | C1: Department | D1: Assigned To | E1: Role | F1: Priority | G1: Task Category | H1: Start Date | I1: Due Date | J1: Completion Date | K1: Task Status | L1: Progress % | M1: Estimated Hours | N1: Actual Hours | O1: Variance | P1: Remarks
A2: =TRIM(CLEAN(Raw_Data!A2)) -> TSK-0001 | B2: =TRIM(CLEAN(Raw_Data!B2)) -> CRM Migration | C2: =IFERROR(VLOOKUP(TRIM(CLEAN(Raw_Data!C2)),Lookup_Lists!$G:$H,2,FALSE()),TRIM(CLEAN(Raw_Data!C2))) -> IT | D2: =TRIM(CLEAN(Raw_Data!D2)) -> Pooja Reddy | E2: =IFERROR(VLOOKUP(TRIM(CLEAN(Raw_Data!E2)),Lookup_Lists!$M:$N,2,FALSE()),TRIM(CLEAN(Raw_Data!E2))) -> Manager | F2: =IFERROR(VLOOKUP(TRIM(CLEAN(Raw_Data!F2)),Lookup_Lists!$A:$B,2,FALSE()),TRIM(CLEAN(Raw_Data!F2))) -> High | G2: =IFERROR(VLOOKUP(TRIM(CLEAN(Raw_Data!G2)),Lookup_Lists!$J:$K,2,FALSE()),TRIM(CLEAN(Raw_Data!G2))) -> Research | H2: =IF(Raw_Data!H2="","",Raw_Data!H2) -> 45367 | I2: =IF(Raw_Data!I2="","",Raw_Data!I2) -> 45419 | J2: =IF(Raw_Data!J2="","",Raw_Data!J2) -> 45430 | K2: =IFERROR(VLOOKUP(TRIM(CLEAN(Raw_Data!K2)),Lookup_Lists!$D:$E,2,FALSE()),TRIM(CLEAN(Raw_Data!K2))) -> Completed | L2: =IF(TRIM(CLEAN(Raw_Data!L2))="","",IFERROR(MIN(100,MAX(0,VALUE(SUBSTITUTE(TRIM(CLEAN(Raw_Data!L2)),"%",""))))/100,0)) -> 1 | M2: =IFERROR(IF(Raw_Data!M2="","",VALUE(Raw_Data!M2)),"") -> 10.6 | N2: =IFERROR(IF(Raw_Data!N2="","",VALUE(Raw_Data!N2)),"") -> 12.5 | O2: =IFERROR(IF(AND(N2<>"",M2<>""),N2-M2,""),"") -> 1.9 | P2: =TRIM(CLEAN(Raw_Data!P2)) -> Waiting for client feedback
A3: =TRIM(CLEAN(Raw_Data!A3)) -> TSK-0002 | B3: =TRIM(CLEAN(Raw_Data!B3)) -> Product Launch | C3: =IFERROR(VLOOKUP(TRIM(CLEAN(Raw_Data!C3)),Lookup_Lists!$G:$H,2,FALSE()),TRIM(CLEAN(Raw_Data!C3))) -> Sales | D3: =TRIM(CLEAN(Raw_Data!D3)) -> Ananya Das | E3: =IFERROR(VLOOKUP(TRIM(CLEAN(Raw_Data!E3)),Lookup_Lists!$M:$N,2,FALSE()),TRIM(CLEAN(Raw_Data!E3))) -> Analyst | F3: =IFERROR(VLOOKUP(TRIM(CLEAN(Raw_Data!F3)),Lookup_Lists!$A:$B,2,FALSE()),TRIM(CLEAN(Raw_Data!F3))) -> Low | G3: =IFERROR(VLOOKUP(TRIM(CLEAN(Raw_Data!G3)),Lookup_Lists!$J:$K,2,FALSE()),TRIM(CLEAN(Raw_Data!G3))) -> Design | H3: =IF(Raw_Data!H3="","",Raw_Data!H3) -> 45662 | I3: =IF(Raw_Data!I3="","",Raw_Data!I3) -> 45708 | J3: =IF(Raw_Data!J3="","",Raw_Data!J3) | K3: =IFERROR(VLOOKUP(TRIM(CLEAN(Raw_Data!K3)),Lookup_Lists!$D:$E,2,FALSE()),TRIM(CLEAN(Raw_Data!K3))) -> On Hold | L3: =IF(TRIM(CLEAN(Raw_Data!L3))="","",IFERROR(MIN(100,MAX(0,VALUE(SUBSTITUTE(TRIM(CLEAN(Raw_Data!L3)),"%",""))))/100,0)) | M3: =IFERROR(IF(Raw_Data!M3="","",VALUE(Raw_Data!M3)),"") -> 48.8 | N3: =IFERROR(IF(Raw_Data!N3="","",VALUE(Raw_Data!N3)),"") | O3: =IFERROR(IF(AND(N3<>"",M3<>""),N3-M3,""),"") | P3: =TRIM(CLEAN(Raw_Data!P3))
A4: =TRIM(CLEAN(Raw_Data!A4)) -> TSK-0003 | B4: =TRIM(CLEAN(Raw_Data!B4)) -> Marketing Campaign | C4: =IFERROR(VLOOKUP(TRIM(CLEAN(Raw_Data!C4)),Lookup_Lists!$G:$H,2,FALSE()),TRIM(CLEAN(Raw_Data!C4))) -> HR | D4: =TRIM(CLEAN(Raw_Data!D4)) -> Vikram Singh | E4: =IFERROR(VLOOKUP(TRIM(CLEAN(Raw_Data!E4)),Lookup_Lists!$M:$N,2,FALSE()),TRIM(CLEAN(Raw_Data!E4))) -> Developer | F4: =IFERROR(VLOOKUP(TRIM(CLEAN(Raw_Data!F4)),Lookup_Lists!$A:$B,2,FALSE()),TRIM(CLEAN(Raw_Data!F4))) -> High | G4: =IFERROR(VLOOKUP(TRIM(CLEAN(Raw_Data!G4)),Lookup_Lists!$J:$K,2,FALSE()),TRIM(CLEAN(Raw_Data!G4))) -> Planning | H4: =IF(Raw_Data!H4="","",Raw_Data!H4) -> 45348 | I4: =IF(Raw_Data!I4="","",Raw_Data!I4) -> 45358 | J4: =IF(Raw_Data!J4="","",Raw_Data!J4) | K4: =IFERROR(VLOOKUP(TRIM(CLEAN(Raw_Data!K4)),Lookup_Lists!$D:$E,2,FALSE()),TRIM(CLEAN(Raw_Data!K4))) -> On Hold | L4: =IF(TRIM(CLEAN(Raw_Data!L4))="","",IFERROR(MIN(100,MAX(0,VALUE(SUBSTITUTE(TRIM(CLEAN(Raw_Data!L4)),"%",""))))/100,0)) | M4: =IFERROR(IF(Raw_Data!M4="","",VALUE(Raw_Data!M4)),"") -> 68.4 | N4: =IFERROR(IF(Raw_Data!N4="","",VALUE(Raw_Data!N4)),"") | O4: =IFERROR(IF(AND(N4<>"",M4<>""),N4-M4,""),"") | P4: =TRIM(CLEAN(Raw_Data!P4)) -> Resource conflict
A5: =TRIM(CLEAN(Raw_Data!A5)) -> TSK-0004 | B5: =TRIM(CLEAN(Raw_Data!B5)) -> Data Analytics Platform | C5: =IFERROR(VLOOKUP(TRIM(CLEAN(Raw_Data!C5)),Lookup_Lists!$G:$H,2,FALSE()),TRIM(CLEAN(Raw_Data!C5))) -> Finance | D5: =TRIM(CLEAN(Raw_Data!D5)) -> Karan Malhotra | E5: =IFERROR(VLOOKUP(TRIM(CLEAN(Raw_Data!E5)),Lookup_Lists!$M:$N,2,FALSE()),TRIM(CLEAN(Raw_Data!E5))) -> Tester | F5: =IFERROR(VLOOKUP(TRIM(CLEAN(Raw_Data!F5)),Lookup_Lists!$A:$B,2,FALSE()),TRIM(CLEAN(Raw_Data!F5))) -> High | G5: =IFERROR(VLOOKUP(TRIM(CLEAN(Raw_Data!G5)),Lookup_Lists!$J:$K,2,FALSE()),TRIM(CLEAN(Raw_Data!G5))) -> Planning | H5: =IF(Raw_Data!H5="","",Raw_Data!H5) -> 45617 | I5: =IF(Raw_Data!I5="","",Raw_Data!I5) -> 45661 | J5: =IF(Raw_Data!J5="","",Raw_Data!J5) | K5: =IFERROR(VLOOKUP(TRIM(CLEAN(Raw_Data!K5)),Lookup_Lists!$D:$E,2,FALSE()),TRIM(CLEAN(Raw_Data!K5))) -> Not Started | L5: =IF(TRIM(CLEAN(Raw_Data!L5))="","",IFERROR(MIN(100,MAX(0,VALUE(SUBSTITUTE(TRIM(CLEAN(Raw_Data!L5)),"%",""))))/100,0)) | M5: =IFERROR(IF(Raw_Data!M5="","",VALUE(Raw_Data!M5)),"") -> 18.6 | N5: =IFERROR(IF(Raw_Data!N5="","",VALUE(Raw_Data!N5)),"") | O5: =IFERROR(IF(AND(N5<>"",M5<>""),N5-M5,""),"") | P5: =TRIM(CLEAN(Raw_Data!P5)) -> Need more resources
A6: =TRIM(CLEAN(Raw_Data!A6)) -> TSK-0005 | B6: =TRIM(CLEAN(Raw_Data!B6)) -> Employee Onboarding | C6: =IFERROR(VLOOKUP(TRIM(CLEAN(Raw_Data!C6)),Lookup_Lists!$G:$H,2,FALSE()),TRIM(CLEAN(Raw_Data!C6))) -> IT | D6: =TRIM(CLEAN(Raw_Data!D6)) -> Meera Thakur | E6: =IFERROR(VLOOKUP(TRIM(CLEAN(Raw_Data!E6)),Lookup_Lists!$M:$N,2,FALSE()),TRIM(CLEAN(Raw_Data!E6))) -> Manager | F6: =IFERROR(VLOOKUP(TRIM(CLEAN(Raw_Data!F6)),Lookup_Lists!$A:$B,2,FALSE()),TRIM(CLEAN(Raw_Data!F6))) -> Critical | G6: =IFERROR(VLOOKUP(TRIM(CLEAN(Raw_Data!G6)),Lookup_Lists!$J:$K,2,FALSE()),TRIM(CLEAN(Raw_Data!G6))) -> Testing | H6: =IF(Raw_Data!H6="","",Raw_Data!H6) -> 45490 | I6: =IF(Raw_Data!I6="","",Raw_Data!I6) -> 45512 | J6: =IF(Raw_Data!J6="","",Raw_Data!J6) | K6: =IFERROR(VLOOKUP(TRIM(CLEAN(Raw_Data!K6)),Lookup_Lists!$D:$E,2,FALSE()),TRIM(CLEAN(Raw_Data!K6))) -> On Hold | L6: =IF(TRIM(CLEAN(Raw_Data!L6))="","",IFERROR(MIN(100,MAX(0,VALUE(SUBSTITUTE(TRIM(CLEAN(Raw_Data!L6)),"%",""))))/100,0)) -> 0.28 | M6: =IFERROR(IF(Raw_Data!M6="","",VALUE(Raw_Data!M6)),"") -> 32.1 | N6: =IFERROR(IF(Raw_Data!N6="","",VALUE(Raw_Data!N6)),"") | O6: =IFERROR(IF(AND(N6<>"",M6<>""),N6-M6,""),"") | P6: =TRIM(CLEAN(Raw_Data!P6)) -> final review stage
A7: =TRIM(CLEAN(Raw_Data!A7)) -> TSK-0006 | B7: =TRIM(CLEAN(Raw_Data!B7)) -> CRM Migration | C7: =IFERROR(VLOOKUP(TRIM(CLEAN(Raw_Data!C7)),Lookup_Lists!$G:$H,2,FALSE()),TRIM(CLEAN(Raw_Data!C7))) -> Finance | D7: =TRIM(CLEAN(Raw_Data!D7)) -> Deepak Nair | E7: =IFERROR(VLOOKUP(TRIM(CLEAN(Raw_Data!E7)),Lookup_Lists!$M:$N,2,FALSE()),TRIM(CLEAN(Raw_Data!E7))) -> Manager | F7: =IFERROR(VLOOKUP(TRIM(CLEAN(Raw_Data!F7)),Lookup_Lists!$A:$B,2,FALSE()),TRIM(CLEAN(Raw_Data!F7))) -> High | G7: =IFERROR(VLOOKUP(TRIM(CLEAN(Raw_Data!G7)),Lookup_Lists!$J:$K,2,FALSE()),TRIM(CLEAN(Raw_Data!G7))) -> Documentation | H7: =IF(Raw_Data!H7="","",Raw_Data!H7) -> 45490 | I7: =IF(Raw_Data!I7="","",Raw_Data!I7) -> 45512 | J7: =IF(Raw_Data!J7="","",Raw_Data!J7) | K7: =IFERROR(VLOOKUP(TRIM(CLEAN(Raw_Data!K7)),Lookup_Lists!$D:$E,2,FALSE()),TRIM(CLEAN(Raw_Data!K7))) -> In Progress | L7: =IF(TRIM(CLEAN(Raw_Data!L7))="","",IFERROR(MIN(100,MAX(0,VALUE(SUBSTITUTE(TRIM(CLEAN(Raw_Data!L7)),"%",""))))/100,0)) -> 0.73 | M7: =IFERROR(IF(Raw_Data!M7="","",VALUE(Raw_Data!M7)),"") -> 66.5 | N7: =IFERROR(IF(Raw_Data!N7="","",VALUE(Raw_Data!N7)),"") -> 25.2 | O7: =IFERROR(IF(AND(N7<>"",M7<>""),N7-M7,""),"") -> -41.3 | P7: =TRIM(CLEAN(Raw_Data!P7)) -> On track
A8: =TRIM(CLEAN(Raw_Data!A8)) -> TSK-0007 | B8: =TRIM(CLEAN(Raw_Data!B8)) -> Mobile App v2 | C8: =IFERROR(VLOOKUP(TRIM(CLEAN(Raw_Data!C8)),Lookup_Lists!$G:$H,2,FALSE()),TRIM(CLEAN(Raw_Data!C8))) -> HR | D8: =TRIM(CLEAN(Raw_Data!D8)) -> Sneha Gupta | E8: =IFERROR(VLOOKUP(TRIM(CLEAN(Raw_Data!E8)),Lookup_Lists!$M:$N,2,FALSE()),TRIM(CLEAN(Raw_Data!E8))) -> Lead | F8: =IFERROR(VLOOKUP(TRIM(CLEAN(Raw_Data!F8)),Lookup_Lists!$A:$B,2,FALSE()),TRIM(CLEAN(Raw_Data!F8))) -> Medium | G8: =IFERROR(VLOOKUP(TRIM(CLEAN(Raw_Data!G8)),Lookup_Lists!$J:$K,2,FALSE()),TRIM(CLEAN(Raw_Data!G8))) -> Documentation | H8: =IF(Raw_Data!H8="","",Raw_Data!H8) -> 45369 | I8: =IF(Raw_Data!I8="","",Raw_Data!I8) -> 45390 | J8: =IF(Raw_Data!J8="","",Raw_Data!J8) | K8: =IFERROR(VLOOKUP(TRIM(CLEAN(Raw_Data!K8)),Lookup_Lists!$D:$E,2,FALSE()),TRIM(CLEAN(Raw_Data!K8))) -> In Progress | L8: =IF(TRIM(CLEAN(Raw_Data!L8))="","",IFERROR(MIN(100,MAX(0,VALUE(SUBSTITUTE(TRIM(CLEAN(Raw_Data!L8)),"%",""))))/100,0)) -> 0.65 | M8: =IFERROR(IF(Raw_Data!M8="","",VALUE(Raw_Data!M8)),"") -> 60.8 | N8: =IFERROR(IF(Raw_Data!N8="","",VALUE(Raw_Data!N8)),"") -> 32.8 | O8: =IFERROR(IF(AND(N8<>"",M8<>""),N8-M8,""),"") -> -28 | P8: =TRIM(CLEAN(Raw_Data!P8)) -> Stakeholder review next week
A9: =TRIM(CLEAN(Raw_Data!A9)) -> TSK-0008 | B9: =TRIM(CLEAN(Raw_Data!B9)) -> Annual Audit | C9: =IFERROR(VLOOKUP(TRIM(CLEAN(Raw_Data!C9)),Lookup_Lists!$G:$H,2,FALSE()),TRIM(CLEAN(Raw_Data!C9))) -> Sales | D9: =TRIM(CLEAN(Raw_Data!D9)) -> Kavita Rao | E9: =IFERROR(VLOOKUP(TRIM(CLEAN(Raw_Data!E9)),Lookup_Lists!$M:$N,2,FALSE()),TRIM(CLEAN(Raw_Data!E9))) -> Analyst | F9: =IFERROR(VLOOKUP(TRIM(CLEAN(Raw_Data!F9)),Lookup_Lists!$A:$B,2,FALSE()),TRIM(CLEAN(Raw_Data!F9))) -> Critical | G9: =IFERROR(VLOOKUP(TRIM(CLEAN(Raw_Data!G9)),Lookup_Lists!$J:$K,2,FALSE()),TRIM(CLEAN(Raw_Data!G9))) -> Development | H9: =IF(Raw_Data!H9="","",Raw_Data!H9) -> 45352 | I9: =IF(Raw_Data!I9="","",Raw_Data!I9) -> 45366 | J9: =IF(Raw_Data!J9="","",Raw_Data!J9) | K9: =IFERROR(VLOOKUP(TRIM(CLEAN(Raw_Data!K9)),Lookup_Lists!$D:$E,2,FALSE()),TRIM(CLEAN(Raw_Data!K9))) -> In Progress | L9: =IF(TRIM(CLEAN(Raw_Data!L9))="","",IFERROR(MIN(100,MAX(0,VALUE(SUBSTITUTE(TRIM(CLEAN(Raw_Data!L9)),"%",""))))/100,0)) | M9: =IFERROR(IF(Raw_Data!M9="","",VALUE(Raw_Data!M9)),"") -> 33 | N9: =IFERROR(IF(Raw_Data!N9="","",VALUE(Raw_Data!N9)),"") -> 16.7 | O9: =IFERROR(IF(AND(N9<>"",M9<>""),N9-M9,""),"") -> -16.3 | P9: =TRIM(CLEAN(Raw_Data!P9)) -> Priority shifted
A10: =TRIM(CLEAN(Raw_Data!A10)) -> TSK-0009 | B10: =TRIM(CLEAN(Raw_Data!B10)) -> CRM Migration | C10: =IFERROR(VLOOKUP(TRIM(CLEAN(Raw_Data!C10)),Lookup_Lists!$G:$H,2,FALSE()),TRIM(CLEAN(Raw_Data!C10))) -> HR | D10: =TRIM(CLEAN(Raw_Data!D10)) -> Sanjay Kulkarni | E10: =IFERROR(VLOOKUP(TRIM(CLEAN(Raw_Data!E10)),Lookup_Lists!$M:$N,2,FALSE()),TRIM(CLEAN(Raw_Data!E10))) -> Designer | F10: =IFERROR(VLOOKUP(TRIM(CLEAN(Raw_Data!F10)),Lookup_Lists!$A:$B,2,FALSE()),TRIM(CLEAN(Raw_Data!F10))) -> High | G10: =IFERROR(VLOOKUP(TRIM(CLEAN(Raw_Data!G10)),Lookup_Lists!$J:$K,2,FALSE()),TRIM(CLEAN(Raw_Data!G10))) -> Planning | H10: =IF(Raw_Data!H10="","",Raw_Data!H10) -> 45518 | I10: =IF(Raw_Data!I10="","",Raw_Data!I10) -> 45533 | J10: =IF(Raw_Data!J10="","",Raw_Data!J10) | K10: =IFERROR(VLOOKUP(TRIM(CLEAN(Raw_Data!K10)),Lookup_Lists!$D:$E,2,FALSE()),TRIM(CLEAN(Raw_Data!K10))) -> On Hold | L10: =IF(TRIM(CLEAN(Raw_Data!L10))="","",IFERROR(MIN(100,MAX(0,VALUE(SUBSTITUTE(TRIM(CLEAN(Raw_Data!L10)),"%",""))))/100,0)) | M10: =IFERROR(IF(Raw_Data!M10="","",VALUE(Raw_Data!M10)),"") -> 70.6 | N10: =IFERROR(IF(Raw_Data!N10="","",VALUE(Raw_Data!N10)),"") -> 0 | O10: =IFERROR(IF(AND(N10<>"",M10<>""),N10-M10,""),"") -> -70.6 | P10: =TRIM(CLEAN(Raw_Data!P10)) -> Rescheduled
A11: =TRIM(CLEAN(Raw_Data!A11)) -> TSK-0010 | B11: =TRIM(CLEAN(Raw_Data!B11)) -> Supply Chain Optimization | C11: =IFERROR(VLOOKUP(TRIM(CLEAN(Raw_Data!C11)),Lookup_Lists!$G:$H,2,FALSE()),TRIM(CLEAN(Raw_Data!C11))) -> Finance | D11: =TRIM(CLEAN(Raw_Data!D11)) -> Meera Thakur | E11: =IFERROR(VLOOKUP(TRIM(CLEAN(Raw_Data!E11)),Lookup_Lists!$M:$N,2,FALSE()),TRIM(CLEAN(Raw_Data!E11))) -> Designer | F11: =IFERROR(VLOOKUP(TRIM(CLEAN(Raw_Data!F11)),Lookup_Lists!$A:$B,2,FALSE()),TRIM(CLEAN(Raw_Data!F11))) -> Critical | G11: =IFERROR(VLOOKUP(TRIM(CLEAN(Raw_Data!G11)),Lookup_Lists!$J:$K,2,FALSE()),TRIM(CLEAN(Raw_Data!G11))) -> Deployment | H11: =IF(Raw_Data!H11="","",Raw_Data!H11) -> 45607 | I11: =IF(Raw_Data!I11="","",Raw_Data!I11) -> 45624 | J11: =IF(Raw_Data!J11="","",Raw_Data!J11) | K11: =IFERROR(VLOOKUP(TRIM(CLEAN(Raw_Data!K11)),Lookup_Lists!$D:$E,2,FALSE()),TRIM(CLEAN(Raw_Data!K11))) -> In Progress | L11: =IF(TRIM(CLEAN(Raw_Data!L11))="","",IFERROR(MIN(100,MAX(0,VALUE(SUBSTITUTE(TRIM(CLEAN(Raw_Data!L11)),"%",""))))/100,0)) -> 0.57 | M11: =IFERROR(IF(Raw_Data!M11="","",VALUE(Raw_Data!M11)),"") -> 49.5 | N11: =IFERROR(IF(Raw_Data!N11="","",VALUE(Raw_Data!N11)),"") -> 6.8 | O11: =IFERROR(IF(AND(N11<>"",M11<>""),N11-M11,""),"") -> -42.7 | P11: =TRIM(CLEAN(Raw_Data!P11)) -> Stakeholder review next week
A12: =TRIM(CLEAN(Raw_Data!A12)) -> TSK-0011 | B12: =TRIM(CLEAN(Raw_Data!B12)) -> Product Launch | C12: =IFERROR(VLOOKUP(TRIM(CLEAN(Raw_Data!C12)),Lookup_Lists!$G:$H,2,FALSE()),TRIM(CLEAN(Raw_Data!C12))) -> IT | D12: =TRIM(CLEAN(Raw_Data!D12)) -> Sneha Gupta | E12: =IFERROR(VLOOKUP(TRIM(CLEAN(Raw_Data!E12)),Lookup_Lists!$M:$N,2,FALSE()),TRIM(CLEAN(Raw_Data!E12))) -> Analyst | F12: =IFERROR(VLOOKUP(TRIM(CLEAN(Raw_Data!F12)),Lookup_Lists!$A:$B,2,FALSE()),TRIM(CLEAN(Raw_Data!F12))) -> High | G12: =IFERROR(VLOOKUP(TRIM(CLEAN(Raw_Data!G12)),Lookup_Lists!$J:$K,2,FALSE()),TRIM(CLEAN(Raw_Data!G12))) -> Deployment | H12: =IF(Raw_Data!H12="","",Raw_Data!H12) -> 45331 | I12: =IF(Raw_Data!I12="","",Raw_Data!I12) -> 45384 | J12: =IF(Raw_Data!J12="","",Raw_Data!J12) | K12: =IFERROR(VLOOKUP(TRIM(CLEAN(Raw_Data!K12)),Lookup_Lists!$D:$E,2,FALSE()),TRIM(CLEAN(Raw_Data!K12))) -> In Progress | L12: =IF(TRIM(CLEAN(Raw_Data!L12))="","",IFERROR(MIN(100,MAX(0,VALUE(SUBSTITUTE(TRIM(CLEAN(Raw_Data!L12)),"%",""))))/100,0)) -> 0.62 | M12: =IFERROR(IF(Raw_Data!M12="","",VALUE(Raw_Data!M12)),"") -> 24.1 | N12: =IFERROR(IF(Raw_Data!N12="","",VALUE(Raw_Data!N12)),"") -> 10.3 | O12: =IFERROR(IF(AND(N12<>"",M12<>""),N12-M12,""),"") -> -13.8 | P12: =TRIM(CLEAN(Raw_Data!P12)) -> Almost done
A13: =TRIM(CLEAN(Raw_Data!A13)) -> TSK-0012 | B13: =TRIM(CLEAN(Raw_Data!B13)) -> Product Launch | C13: =IFERROR(VLOOKUP(TRIM(CLEAN(Raw_Data!C13)),Lookup_Lists!$G:$H,2,FALSE()),TRIM(CLEAN(Raw_Data!C13))) -> HR | D13: =TRIM(CLEAN(Raw_Data!D13)) -> Arjun Mehta | E13: =IFERROR(VLOOKUP(TRIM(CLEAN(Raw_Data!E13)),Lookup_Lists!$M:$N,2,FALSE()),TRIM(CLEAN(Raw_Data!E13))) -> Tester | F13: =IFERROR(VLOOKUP(TRIM(CLEAN(Raw_Data!F13)),Lookup_Lists!$A:$B,2,FALSE()),TRIM(CLEAN(Raw_Data!F13))) -> Medium | G13: =IFERROR(VLOOKUP(TRIM(CLEAN(Raw_Data!G13)),Lookup_Lists!$J:$K,2,FALSE()),TRIM(CLEAN(Raw_Data!G13))) -> Deployment | H13: =IF(Raw_Data!H13="","",Raw_Data!H13) -> 45527 | I13: =IF(Raw_Data!I13="","",Raw_Data!I13) -> 45539 | J13: =IF(Raw_Data!J13="","",Raw_Data!J13) | K13: =IFERROR(VLOOKUP(TRIM(CLEAN(Raw_Data!K13)),Lookup_Lists!$D:$E,2,FALSE()),TRIM(CLEAN(Raw_Data!K13))) -> In Progress | L13: =IF(TRIM(CLEAN(Raw_Data!L13))="","",IFERROR(MIN(100,MAX(0,VALUE(SUBSTITUTE(TRIM(CLEAN(Raw_Data!L13)),"%",""))))/100,0)) -> 0.38 | M13: =IFERROR(IF(Raw_Data!M13="","",VALUE(Raw_Data!M13)),"") -> 48.7 | N13: =IFERROR(IF(Raw_Data!N13="","",VALUE(Raw_Data!N13)),"") | O13: =IFERROR(IF(AND(N13<>"",M13<>""),N13-M13,""),"") | P13: =TRIM(CLEAN(Raw_Data!P13)) -> Needs QA sign-off
... A121: =TRIM(CLEAN(Raw_Data!A121)) -> TSK-0120 | B121: =TRIM(CLEAN(Raw_Data!B121)) -> Marketing Campaign | C121: =IFERROR(VLOOKUP(TRIM(CLEAN(Raw_Data!C121)),Lookup_Lists!$G:$H,2,FALSE()),TRIM(CLEAN(Raw_Data!C121))) -> HR | D121: =TRIM(CLEAN(Raw_Data!D121)) -> Amit Verma | E121: =IFERROR(VLOOKUP(TRIM(CLEAN(Raw_Data!E121)),Lookup_Lists!$M:$N,2,FALSE()),TRIM(CLEAN(Raw_Data!E121))) -> Lead | F121: =IFERROR(VLOOKUP(TRIM(CLEAN(Raw_Data!F121)),Lookup_Lists!$A:$B,2,FALSE()),TRIM(CLEAN(Raw_Data!F121))) -> Low | G121: =IFERROR(VLOOKUP(TRIM(CLEAN(Raw_Data!G121)),Lookup_Lists!$J:$K,2,FALSE()),TRIM(CLEAN(Raw_Data!G121))) -> Deployment | H121: =IF(Raw_Data!H121="","",Raw_Data!H121) -> 45484 | I121: =IF(Raw_Data!I121="","",Raw_Data!I121) -> 45540 | J121: =IF(Raw_Data!J121="","",Raw_Data!J121) | K121: =IFERROR(VLOOKUP(TRIM(CLEAN(Raw_Data!K121)),Lookup_Lists!$D:$E,2,FALSE()),TRIM(CLEAN(Raw_Data!K121))) -> Cancelled | L121: =IF(TRIM(CLEAN(Raw_Data!L121))="","",IFERROR(MIN(100,MAX(0,VALUE(SUBSTITUTE(TRIM(CLEAN(Raw_Data!L121)),"%",""))))/100,0)) | M121: =IFERROR(IF(Raw_Data!M121="","",VALUE(Raw_Data!M121)),"") -> 64.9 | N121: =IFERROR(IF(Raw_Data!N121="","",VALUE(Raw_Data!N121)),"") | O121: =IFERROR(IF(AND(N121<>"",M121<>""),N121-M121,""),"") | P121: =TRIM(CLEAN(Raw_Data!P121))

Sheet Calc_Helper
A1: Task ID | B1: Is_Completed | C1: Is_Pending | D1: Is_Delayed | E1: Days_Open | F1: Delay_Days | G1: Cycle_Time_Days | H1: Lead_Time_Days | I1: Due_Month | J1: Start_Month | K1: Completion_Month | L1: Year | M1: Month_Number | N1: Month_Name | O1: Overdue_Flag | P1: High_Priority_Open_Flag | Q1: SLA_Breach_Flag | R1: Stale_In_Progress_Flag | S1: Productivity_Flag | T1: On_Time_Flag | U1: Progress_Valid_Flag
A2: =Clean_Data!A2 -> TSK-0001 | B2: =Clean_Data!K2="Completed" -> TRUE | C2: =OR(Clean_Data!K2="Not Started",Clean_Data!K2="In Progress",Clean_Data!K2="On Hold") -> FALSE | D2: =AND(ISNUMBER(Clean_Data!I2),Clean_Data!I2<TODAY(),Clean_Data!K2<>"Completed",Clean_Data!K2<>"Cancelled") -> FALSE | E2: =IF(AND(ISNUMBER(Clean_Data!H2),Clean_Data!K2<>"Completed",Clean_Data!K2<>"Cancelled"),TODAY()-Clean_Data!H2,"") | F2: =IF(AND(B2=TRUE(),ISNUMBER(Clean_Data!J2),ISNUMBER(Clean_Data!I2)),MAX(0,Clean_Data!J2-Clean_Data!I2),IF(AND(B2=FALSE(),ISNUMBER(Clean_Data!I2),Clean_Data!I2<TODAY(),Clean_Data!K2<>"Cancelled"),MAX(0,TODAY()-Clean_Data!I2),"")) -> 11 | G2: =IF(AND(B2=TRUE(),ISNUMBER(Clean_Data!J2),ISNUMBER(Clean_Data!H2)),Clean_Data!J2-Clean_Data!H2,"") -> 63 | H2: =IF(AND(ISNUMBER(Clean_Data!J2),ISNUMBER(Clean_Data!H2)),Clean_Data!J2-Clean_Data!H2,IF(ISNUMBER(Clean_Data!H2),TODAY()-Clean_Data!H2,"")) -> 63 | I2: =IF(ISNUMBER(Clean_Data!I2),TEXT(Clean_Data!I2,"YYYY-MM"),"") -> 2024-05 | J2: =IF(ISNUMBER(Clean_Data!H2),TEXT(Clean_Data!H2,"YYYY-MM"),"") -> 2024-03 | K2: =IF(ISNUMBER(Clean_Data!J2),TEXT(Clean_Data!J2,"YYYY-MM"),"") -> 2024-05 | L2: =IF(ISNUMBER(Clean_Data!H2),YEAR(Clean_Data!H2),"") -> 2024 | M2: =IF(ISNUMBER(Clean_Data!H2),MONTH(Clean_Data!H2),"") -> 3 | N2: =IF(ISNUMBER(Clean_Data!H2),TEXT(Clean_Data!H2,"MMMM"),"") -> March | O2: =D2 -> FALSE | P2: =AND(OR(Clean_Data!F2="High",Clean_Data!F2="Critical"),C2=TRUE()) -> FALSE | Q2: =AND(OR(Clean_Data!F2="High",Clean_Data!F2="Critical"),D2=TRUE()) -> FALSE | R2: =AND(Clean_Data!K2="In Progress",ISNUMBER(Clean_Data!H2),TODAY()-Clean_Data!H2>30) -> FALSE | S2: =IF(B2=TRUE(),IF(AND(ISNUMBER(Clean_Data!N2),ISNUMBER(Clean_Data!M2),Clean_Data!M2>0),IF(Clean_Data!N2<=Clean_Data!M2*1.2,"Healthy","Over Budget"),"N/A"),IF(AND(Clean_Data!K2="In Progress",ISNUMBER(Clean_Data!L2)),IF(Clean_Data!L2>=0.5,"On Track","Slow"),"N/A")) -> Healthy | T2: =IF(AND(B2=TRUE(),ISNUMBER(Clean_Data!J2),ISNUMBER(Clean_Data!I2)),Clean_Data!J2<=Clean_Data!I2,"") -> FALSE | U2: =IF(NOT(ISNUMBER(Clean_Data!L2)),FALSE(),AND(Clean_Data!L2>=0,Clean_Data!L2<=1)) -> TRUE
A3: =Clean_Data!A3 -> TSK-0002 | B3: =Clean_Data!K3="Completed" -> FALSE | C3: =OR(Clean_Data!K3="Not Started",Clean_Data!K3="In Progress",Clean_Data!K3="On Hold") -> TRUE | D3: =AND(ISNUMBER(Clean_Data!I3),Clean_Data!I3<TODAY(),Clean_Data!K3<>"Completed",Clean_Data!K3<>"Cancelled") -> TRUE | E3: =IF(AND(ISNUMBER(Clean_Data!H3),Clean_Data!K3<>"Completed",Clean_Data!K3<>"Cancelled"),TODAY()-Clean_Data!H3,"") -> 464 | F3: =IF(AND(B3=TRUE(),ISNUMBER(Clean_Data!J3),ISNUMBER(Clean_Data!I3)),MAX(0,Clean_Data!J3-Clean_Data!I3),IF(AND(B3=FALSE(),ISNUMBER(Clean_Data!I3),Clean_Data!I3<TODAY(),Clean_Data!K3<>"Cancelled"),MAX(0,TODAY()-Clean_Data!I3),"")) -> 418 | G3: =IF(AND(B3=TRUE(),ISNUMBER(Clean_Data!J3),ISNUMBER(Clean_Data!H3)),Clean_Data!J3-Clean_Data!H3,"") | H3: =IF(AND(ISNUMBER(Clean_Data!J3),ISNUMBER(Clean_Data!H3)),Clean_Data!J3-Clean_Data!H3,IF(ISNUMBER(Clean_Data!H3),TODAY()-Clean_Data!H3,"")) -> 464 | I3: =IF(ISNUMBER(Clean_Data!I3),TEXT(Clean_Data!I3,"YYYY-MM"),"") -> 2025-02 | J3: =IF(ISNUMBER(Clean_Data!H3),TEXT(Clean_Data!H3,"YYYY-MM"),"") -> 2025-01 | K3: =IF(ISNUMBER(Clean_Data!J3),TEXT(Clean_Data!J3,"YYYY-MM"),"") | L3: =IF(ISNUMBER(Clean_Data!H3),YEAR(Clean_Data!H3),"") -> 2025 | M3: =IF(ISNUMBER(Clean_Data!H3),MONTH(Clean_Data!H3),"") -> 1 | N3: =IF(ISNUMBER(Clean_Data!H3),TEXT(Clean_Data!H3,"MMMM"),"") -> January | O3: =D3 -> TRUE | P3: =AND(OR(Clean_Data!F3="High",Clean_Data!F3="Critical"),C3=TRUE()) -> FALSE | Q3: =AND(OR(Clean_Data!F3="High",Clean_Data!F3="Critical"),D3=TRUE()) -> FALSE | R3: =AND(Clean_Data!K3="In Progress",ISNUMBER(Clean_Data!H3),TODAY()-Clean_Data!H3>30) -> FALSE | S3: =IF(B3=TRUE(),IF(AND(ISNUMBER(Clean_Data!N3),ISNUMBER(Clean_Data!M3),Clean_Data!M3>0),IF(Clean_Data!N3<=Clean_Data!M3*1.2,"Healthy","Over Budget"),"N/A"),IF(AND(Clean_Data!K3="In Progress",ISNUMBER(Clean_Data!L3)),IF(Clean_Data!L3>=0.5,"On Track","Slow"),"N/A")) -> N/A | T3: =IF(AND(B3=TRUE(),ISNUMBER(Clean_Data!J3),ISNUMBER(Clean_Data!I3)),Clean_Data!J3<=Clean_Data!I3,"") | U3: =IF(NOT(ISNUMBER(Clean_Data!L3)),FALSE(),AND(Clean_Data!L3>=0,Clean_Data!L3<=1)) -> FALSE
A4: =Clean_Data!A4 -> TSK-0003 | B4: =Clean_Data!K4="Completed" -> FALSE | C4: =OR(Clean_Data!K4="Not Started",Clean_Data!K4="In Progress",Clean_Data!K4="On Hold") -> TRUE | D4: =AND(ISNUMBER(Clean_Data!I4),Clean_Data!I4<TODAY(),Clean_Data!K4<>"Completed",Clean_Data!K4<>"Cancelled") -> TRUE | E4: =IF(AND(ISNUMBER(Clean_Data!H4),Clean_Data!K4<>"Completed",Clean_Data!K4<>"Cancelled"),TODAY()-Clean_Data!H4,"") -> 778 | F4: =IF(AND(B4=TRUE(),ISNUMBER(Clean_Data!J4),ISNUMBER(Clean_Data!I4)),MAX(0,Clean_Data!J4-Clean_Data!I4),IF(AND(B4=FALSE(),ISNUMBER(Clean_Data!I4),Clean_Data!I4<TODAY(),Clean_Data!K4<>"Cancelled"),MAX(0,TODAY()-Clean_Data!I4),"")) -> 768 | G4: =IF(AND(B4=TRUE(),ISNUMBER(Clean_Data!J4),ISNUMBER(Clean_Data!H4)),Clean_Data!J4-Clean_Data!H4,"") | H4: =IF(AND(ISNUMBER(Clean_Data!J4),ISNUMBER(Clean_Data!H4)),Clean_Data!J4-Clean_Data!H4,IF(ISNUMBER(Clean_Data!H4),TODAY()-Clean_Data!H4,"")) -> 778 | I4: =IF(ISNUMBER(Clean_Data!I4),TEXT(Clean_Data!I4,"YYYY-MM"),"") -> 2024-03 | J4: =IF(ISNUMBER(Clean_Data!H4),TEXT(Clean_Data!H4,"YYYY-MM"),"") -> 2024-02 | K4: =IF(ISNUMBER(Clean_Data!J4),TEXT(Clean_Data!J4,"YYYY-MM"),"") | L4: =IF(ISNUMBER(Clean_Data!H4),YEAR(Clean_Data!H4),"") -> 2024 | M4: =IF(ISNUMBER(Clean_Data!H4),MONTH(Clean_Data!H4),"") -> 2 | N4: =IF(ISNUMBER(Clean_Data!H4),TEXT(Clean_Data!H4,"MMMM"),"") -> February | O4: =D4 -> TRUE | P4: =AND(OR(Clean_Data!F4="High",Clean_Data!F4="Critical"),C4=TRUE()) -> TRUE | Q4: =AND(OR(Clean_Data!F4="High",Clean_Data!F4="Critical"),D4=TRUE()) -> TRUE | R4: =AND(Clean_Data!K4="In Progress",ISNUMBER(Clean_Data!H4),TODAY()-Clean_Data!H4>30) -> FALSE | S4: =IF(B4=TRUE(),IF(AND(ISNUMBER(Clean_Data!N4),ISNUMBER(Clean_Data!M4),Clean_Data!M4>0),IF(Clean_Data!N4<=Clean_Data!M4*1.2,"Healthy","Over Budget"),"N/A"),IF(AND(Clean_Data!K4="In Progress",ISNUMBER(Clean_Data!L4)),IF(Clean_Data!L4>=0.5,"On Track","Slow"),"N/A")) -> N/A | T4: =IF(AND(B4=TRUE(),ISNUMBER(Clean_Data!J4),ISNUMBER(Clean_Data!I4)),Clean_Data!J4<=Clean_Data!I4,"") | U4: =IF(NOT(ISNUMBER(Clean_Data!L4)),FALSE(),AND(Clean_Data!L4>=0,Clean_Data!L4<=1)) -> FALSE
A5: =Clean_Data!A5 -> TSK-0004 | B5: =Clean_Data!K5="Completed" -> FALSE | C5: =OR(Clean_Data!K5="Not Started",Clean_Data!K5="In Progress",Clean_Data!K5="On Hold") -> TRUE | D5: =AND(ISNUMBER(Clean_Data!I5),Clean_Data!I5<TODAY(),Clean_Data!K5<>"Completed",Clean_Data!K5<>"Cancelled") -> TRUE | E5: =IF(AND(ISNUMBER(Clean_Data!H5),Clean_Data!K5<>"Completed",Clean_Data!K5<>"Cancelled"),TODAY()-Clean_Data!H5,"") -> 509 | F5: =IF(AND(B5=TRUE(),ISNUMBER(Clean_Data!J5),ISNUMBER(Clean_Data!I5)),MAX(0,Clean_Data!J5-Clean_Data!I5),IF(AND(B5=FALSE(),ISNUMBER(Clean_Data!I5),Clean_Data!I5<TODAY(),Clean_Data!K5<>"Cancelled"),MAX(0,TODAY()-Clean_Data!I5),"")) -> 465 | G5: =IF(AND(B5=TRUE(),ISNUMBER(Clean_Data!J5),ISNUMBER(Clean_Data!H5)),Clean_Data!J5-Clean_Data!H5,"") | H5: =IF(AND(ISNUMBER(Clean_Data!J5),ISNUMBER(Clean_Data!H5)),Clean_Data!J5-Clean_Data!H5,IF(ISNUMBER(Clean_Data!H5),TODAY()-Clean_Data!H5,"")) -> 509 | I5: =IF(ISNUMBER(Clean_Data!I5),TEXT(Clean_Data!I5,"YYYY-MM"),"") -> 2025-01 | J5: =IF(ISNUMBER(Clean_Data!H5),TEXT(Clean_Data!H5,"YYYY-MM"),"") -> 2024-11 | K5: =IF(ISNUMBER(Clean_Data!J5),TEXT(Clean_Data!J5,"YYYY-MM"),"") | L5: =IF(ISNUMBER(Clean_Data!H5),YEAR(Clean_Data!H5),"") -> 2024 | M5: =IF(ISNUMBER(Clean_Data!H5),MONTH(Clean_Data!H5),"") -> 11 | N5: =IF(ISNUMBER(Clean_Data!H5),TEXT(Clean_Data!H5,"MMMM"),"") -> November | O5: =D5 -> TRUE | P5: =AND(OR(Clean_Data!F5="High",Clean_Data!F5="Critical"),C5=TRUE()) -> TRUE | Q5: =AND(OR(Clean_Data!F5="High",Clean_Data!F5="Critical"),D5=TRUE()) -> TRUE | R5: =AND(Clean_Data!K5="In Progress",ISNUMBER(Clean_Data!H5),TODAY()-Clean_Data!H5>30) -> FALSE | S5: =IF(B5=TRUE(),IF(AND(ISNUMBER(Clean_Data!N5),ISNUMBER(Clean_Data!M5),Clean_Data!M5>0),IF(Clean_Data!N5<=Clean_Data!M5*1.2,"Healthy","Over Budget"),"N/A"),IF(AND(Clean_Data!K5="In Progress",ISNUMBER(Clean_Data!L5)),IF(Clean_Data!L5>=0.5,"On Track","Slow"),"N/A")) -> N/A | T5: =IF(AND(B5=TRUE(),ISNUMBER(Clean_Data!J5),ISNUMBER(Clean_Data!I5)),Clean_Data!J5<=Clean_Data!I5,"") | U5: =IF(NOT(ISNUMBER(Clean_Data!L5)),FALSE(),AND(Clean_Data!L5>=0,Clean_Data!L5<=1)) -> FALSE
A6: =Clean_Data!A6 -> TSK-0005 | B6: =Clean_Data!K6="Completed" -> FALSE | C6: =OR(Clean_Data!K6="Not Started",Clean_Data!K6="In Progress",Clean_Data!K6="On Hold") -> TRUE | D6: =AND(ISNUMBER(Clean_Data!I6),Clean_Data!I6<TODAY(),Clean_Data!K6<>"Completed",Clean_Data!K6<>"Cancelled") -> TRUE | E6: =IF(AND(ISNUMBER(Clean_Data!H6),Clean_Data!K6<>"Completed",Clean_Data!K6<>"Cancelled"),TODAY()-Clean_Data!H6,"") -> 636 | F6: =IF(AND(B6=TRUE(),ISNUMBER(Clean_Data!J6),ISNUMBER(Clean_Data!I6)),MAX(0,Clean_Data!J6-Clean_Data!I6),IF(AND(B6=FALSE(),ISNUMBER(Clean_Data!I6),Clean_Data!I6<TODAY(),Clean_Data!K6<>"Cancelled"),MAX(0,TODAY()-Clean_Data!I6),"")) -> 614 | G6: =IF(AND(B6=TRUE(),ISNUMBER(Clean_Data!J6),ISNUMBER(Clean_Data!H6)),Clean_Data!J6-Clean_Data!H6,"") | H6: =IF(AND(ISNUMBER(Clean_Data!J6),ISNUMBER(Clean_Data!H6)),Clean_Data!J6-Clean_Data!H6,IF(ISNUMBER(Clean_Data!H6),TODAY()-Clean_Data!H6,"")) -> 636 | I6: =IF(ISNUMBER(Clean_Data!I6),TEXT(Clean_Data!I6,"YYYY-MM"),"") -> 2024-08 | J6: =IF(ISNUMBER(Clean_Data!H6),TEXT(Clean_Data!H6,"YYYY-MM"),"") -> 2024-07 | K6: =IF(ISNUMBER(Clean_Data!J6),TEXT(Clean_Data!J6,"YYYY-MM"),"") | L6: =IF(ISNUMBER(Clean_Data!H6),YEAR(Clean_Data!H6),"") -> 2024 | M6: =IF(ISNUMBER(Clean_Data!H6),MONTH(Clean_Data!H6),"") -> 7 | N6: =IF(ISNUMBER(Clean_Data!H6),TEXT(Clean_Data!H6,"MMMM"),"") -> July | O6: =D6 -> TRUE | P6: =AND(OR(Clean_Data!F6="High",Clean_Data!F6="Critical"),C6=TRUE()) -> TRUE | Q6: =AND(OR(Clean_Data!F6="High",Clean_Data!F6="Critical"),D6=TRUE()) -> TRUE | R6: =AND(Clean_Data!K6="In Progress",ISNUMBER(Clean_Data!H6),TODAY()-Clean_Data!H6>30) -> FALSE | S6: =IF(B6=TRUE(),IF(AND(ISNUMBER(Clean_Data!N6),ISNUMBER(Clean_Data!M6),Clean_Data!M6>0),IF(Clean_Data!N6<=Clean_Data!M6*1.2,"Healthy","Over Budget"),"N/A"),IF(AND(Clean_Data!K6="In Progress",ISNUMBER(Clean_Data!L6)),IF(Clean_Data!L6>=0.5,"On Track","Slow"),"N/A")) -> N/A | T6: =IF(AND(B6=TRUE(),ISNUMBER(Clean_Data!J6),ISNUMBER(Clean_Data!I6)),Clean_Data!J6<=Clean_Data!I6,"") | U6: =IF(NOT(ISNUMBER(Clean_Data!L6)),FALSE(),AND(Clean_Data!L6>=0,Clean_Data!L6<=1)) -> TRUE
A7: =Clean_Data!A7 -> TSK-0006 | B7: =Clean_Data!K7="Completed" -> FALSE | C7: =OR(Clean_Data!K7="Not Started",Clean_Data!K7="In Progress",Clean_Data!K7="On Hold") -> TRUE | D7: =AND(ISNUMBER(Clean_Data!I7),Clean_Data!I7<TODAY(),Clean_Data!K7<>"Completed",Clean_Data!K7<>"Cancelled") -> TRUE | E7: =IF(AND(ISNUMBER(Clean_Data!H7),Clean_Data!K7<>"Completed",Clean_Data!K7<>"Cancelled"),TODAY()-Clean_Data!H7,"") -> 636 | F7: =IF(AND(B7=TRUE(),ISNUMBER(Clean_Data!J7),ISNUMBER(Clean_Data!I7)),MAX(0,Clean_Data!J7-Clean_Data!I7),IF(AND(B7=FALSE(),ISNUMBER(Clean_Data!I7),Clean_Data!I7<TODAY(),Clean_Data!K7<>"Cancelled"),MAX(0,TODAY()-Clean_Data!I7),"")) -> 614 | G7: =IF(AND(B7=TRUE(),ISNUMBER(Clean_Data!J7),ISNUMBER(Clean_Data!H7)),Clean_Data!J7-Clean_Data!H7,"") | H7: =IF(AND(ISNUMBER(Clean_Data!J7),ISNUMBER(Clean_Data!H7)),Clean_Data!J7-Clean_Data!H7,IF(ISNUMBER(Clean_Data!H7),TODAY()-Clean_Data!H7,"")) -> 636 | I7: =IF(ISNUMBER(Clean_Data!I7),TEXT(Clean_Data!I7,"YYYY-MM"),"") -> 2024-08 | J7: =IF(ISNUMBER(Clean_Data!H7),TEXT(Clean_Data!H7,"YYYY-MM"),"") -> 2024-07 | K7: =IF(ISNUMBER(Clean_Data!J7),TEXT(Clean_Data!J7,"YYYY-MM"),"") | L7: =IF(ISNUMBER(Clean_Data!H7),YEAR(Clean_Data!H7),"") -> 2024 | M7: =IF(ISNUMBER(Clean_Data!H7),MONTH(Clean_Data!H7),"") -> 7 | N7: =IF(ISNUMBER(Clean_Data!H7),TEXT(Clean_Data!H7,"MMMM"),"") -> July | O7: =D7 -> TRUE | P7: =AND(OR(Clean_Data!F7="High",Clean_Data!F7="Critical"),C7=TRUE()) -> TRUE | Q7: =AND(OR(Clean_Data!F7="High",Clean_Data!F7="Critical"),D7=TRUE()) -> TRUE | R7: =AND(Clean_Data!K7="In Progress",ISNUMBER(Clean_Data!H7),TODAY()-Clean_Data!H7>30) -> TRUE | S7: =IF(B7=TRUE(),IF(AND(ISNUMBER(Clean_Data!N7),ISNUMBER(Clean_Data!M7),Clean_Data!M7>0),IF(Clean_Data!N7<=Clean_Data!M7*1.2,"Healthy","Over Budget"),"N/A"),IF(AND(Clean_Data!K7="In Progress",ISNUMBER(Clean_Data!L7)),IF(Clean_Data!L7>=0.5,"On Track","Slow"),"N/A")) -> On Track | T7: =IF(AND(B7=TRUE(),ISNUMBER(Clean_Data!J7),ISNUMBER(Clean_Data!I7)),Clean_Data!J7<=Clean_Data!I7,"") | U7: =IF(NOT(ISNUMBER(Clean_Data!L7)),FALSE(),AND(Clean_Data!L7>=0,Clean_Data!L7<=1)) -> TRUE
A8: =Clean_Data!A8 -> TSK-0007 | B8: =Clean_Data!K8="Completed" -> FALSE | C8: =OR(Clean_Data!K8="Not Started",Clean_Data!K8="In Progress",Clean_Data!K8="On Hold") -> TRUE | D8: =AND(ISNUMBER(Clean_Data!I8),Clean_Data!I8<TODAY(),Clean_Data!K8<>"Completed",Clean_Data!K8<>"Cancelled") -> TRUE | E8: =IF(AND(ISNUMBER(Clean_Data!H8),Clean_Data!K8<>"Completed",Clean_Data!K8<>"Cancelled"),TODAY()-Clean_Data!H8,"") -> 757 | F8: =IF(AND(B8=TRUE(),ISNUMBER(Clean_Data!J8),ISNUMBER(Clean_Data!I8)),MAX(0,Clean_Data!J8-Clean_Data!I8),IF(AND(B8=FALSE(),ISNUMBER(Clean_Data!I8),Clean_Data!I8<TODAY(),Clean_Data!K8<>"Cancelled"),MAX(0,TODAY()-Clean_Data!I8),"")) -> 736 | G8: =IF(AND(B8=TRUE(),ISNUMBER(Clean_Data!J8),ISNUMBER(Clean_Data!H8)),Clean_Data!J8-Clean_Data!H8,"") | H8: =IF(AND(ISNUMBER(Clean_Data!J8),ISNUMBER(Clean_Data!H8)),Clean_Data!J8-Clean_Data!H8,IF(ISNUMBER(Clean_Data!H8),TODAY()-Clean_Data!H8,"")) -> 757 | I8: =IF(ISNUMBER(Clean_Data!I8),TEXT(Clean_Data!I8,"YYYY-MM"),"") -> 2024-04 | J8: =IF(ISNUMBER(Clean_Data!H8),TEXT(Clean_Data!H8,"YYYY-MM"),"") -> 2024-03 | K8: =IF(ISNUMBER(Clean_Data!J8),TEXT(Clean_Data!J8,"YYYY-MM"),"") | L8: =IF(ISNUMBER(Clean_Data!H8),YEAR(Clean_Data!H8),"") -> 2024 | M8: =IF(ISNUMBER(Clean_Data!H8),MONTH(Clean_Data!H8),"") -> 3 | N8: =IF(ISNUMBER(Clean_Data!H8),TEXT(Clean_Data!H8,"MMMM"),"") -> March | O8: =D8 -> TRUE | P8: =AND(OR(Clean_Data!F8="High",Clean_Data!F8="Critical"),C8=TRUE()) -> FALSE | Q8: =AND(OR(Clean_Data!F8="High",Clean_Data!F8="Critical"),D8=TRUE()) -> FALSE | R8: =AND(Clean_Data!K8="In Progress",ISNUMBER(Clean_Data!H8),TODAY()-Clean_Data!H8>30) -> TRUE | S8: =IF(B8=TRUE(),IF(AND(ISNUMBER(Clean_Data!N8),ISNUMBER(Clean_Data!M8),Clean_Data!M8>0),IF(Clean_Data!N8<=Clean_Data!M8*1.2,"Healthy","Over Budget"),"N/A"),IF(AND(Clean_Data!K8="In Progress",ISNUMBER(Clean_Data!L8)),IF(Clean_Data!L8>=0.5,"On Track","Slow"),"N/A")) -> On Track | T8: =IF(AND(B8=TRUE(),ISNUMBER(Clean_Data!J8),ISNUMBER(Clean_Data!I8)),Clean_Data!J8<=Clean_Data!I8,"") | U8: =IF(NOT(ISNUMBER(Clean_Data!L8)),FALSE(),AND(Clean_Data!L8>=0,Clean_Data!L8<=1)) -> TRUE
A9: =Clean_Data!A9 -> TSK-0008 | B9: =Clean_Data!K9="Completed" -> FALSE | C9: =OR(Clean_Data!K9="Not Started",Clean_Data!K9="In Progress",Clean_Data!K9="On Hold") -> TRUE | D9: =AND(ISNUMBER(Clean_Data!I9),Clean_Data!I9<TODAY(),Clean_Data!K9<>"Completed",Clean_Data!K9<>"Cancelled") -> TRUE | E9: =IF(AND(ISNUMBER(Clean_Data!H9),Clean_Data!K9<>"Completed",Clean_Data!K9<>"Cancelled"),TODAY()-Clean_Data!H9,"") -> 774 | F9: =IF(AND(B9=TRUE(),ISNUMBER(Clean_Data!J9),ISNUMBER(Clean_Data!I9)),MAX(0,Clean_Data!J9-Clean_Data!I9),IF(AND(B9=FALSE(),ISNUMBER(Clean_Data!I9),Clean_Data!I9<TODAY(),Clean_Data!K9<>"Cancelled"),MAX(0,TODAY()-Clean_Data!I9),"")) -> 760 | G9: =IF(AND(B9=TRUE(),ISNUMBER(Clean_Data!J9),ISNUMBER(Clean_Data!H9)),Clean_Data!J9-Clean_Data!H9,"") | H9: =IF(AND(ISNUMBER(Clean_Data!J9),ISNUMBER(Clean_Data!H9)),Clean_Data!J9-Clean_Data!H9,IF(ISNUMBER(Clean_Data!H9),TODAY()-Clean_Data!H9,"")) -> 774 | I9: =IF(ISNUMBER(Clean_Data!I9),TEXT(Clean_Data!I9,"YYYY-MM"),"") -> 2024-03 | J9: =IF(ISNUMBER(Clean_Data!H9),TEXT(Clean_Data!H9,"YYYY-MM"),"") -> 2024-03 | K9: =IF(ISNUMBER(Clean_Data!J9),TEXT(Clean_Data!J9,"YYYY-MM"),"") | L9: =IF(ISNUMBER(Clean_Data!H9),YEAR(Clean_Data!H9),"") -> 2024 | M9: =IF(ISNUMBER(Clean_Data!H9),MONTH(Clean_Data!H9),"") -> 3 | N9: =IF(ISNUMBER(Clean_Data!H9),TEXT(Clean_Data!H9,"MMMM"),"") -> March | O9: =D9 -> TRUE | P9: =AND(OR(Clean_Data!F9="High",Clean_Data!F9="Critical"),C9=TRUE()) -> TRUE | Q9: =AND(OR(Clean_Data!F9="High",Clean_Data!F9="Critical"),D9=TRUE()) -> TRUE | R9: =AND(Clean_Data!K9="In Progress",ISNUMBER(Clean_Data!H9),TODAY()-Clean_Data!H9>30) -> TRUE | S9: =IF(B9=TRUE(),IF(AND(ISNUMBER(Clean_Data!N9),ISNUMBER(Clean_Data!M9),Clean_Data!M9>0),IF(Clean_Data!N9<=Clean_Data!M9*1.2,"Healthy","Over Budget"),"N/A"),IF(AND(Clean_Data!K9="In Progress",ISNUMBER(Clean_Data!L9)),IF(Clean_Data!L9>=0.5,"On Track","Slow"),"N/A")) -> N/A | T9: =IF(AND(B9=TRUE(),ISNUMBER(Clean_Data!J9),ISNUMBER(Clean_Data!I9)),Clean_Data!J9<=Clean_Data!I9,"") | U9: =IF(NOT(ISNUMBER(Clean_Data!L9)),FALSE(),AND(Clean_Data!L9>=0,Clean_Data!L9<=1)) -> FALSE
A10: =Clean_Data!A10 -> TSK-0009 | B10: =Clean_Data!K10="Completed" -> FALSE | C10: =OR(Clean_Data!K10="Not Started",Clean_Data!K10="In Progress",Clean_Data!K10="On Hold") -> TRUE | D10: =AND(ISNUMBER(Clean_Data!I10),Clean_Data!I10<TODAY(),Clean_Data!K10<>"Completed",Clean_Data!K10<>"Cancelled") -> TRUE | E10: =IF(AND(ISNUMBER(Clean_Data!H10),Clean_Data!K10<>"Completed",Clean_Data!K10<>"Cancelled"),TODAY()-Clean_Data!H10,"") -> 608 | F10: =IF(AND(B10=TRUE(),ISNUMBER(Clean_Data!J10),ISNUMBER(Clean_Data!I10)),MAX(0,Clean_Data!J10-Clean_Data!I10),IF(AND(B10=FALSE(),ISNUMBER(Clean_Data!I10),Clean_Data!I10<TODAY(),Clean_Data!K10<>"Cancelled"),MAX(0,TODAY()-Clean_Data!I10),"")) -> 593 | G10: =IF(AND(B10=TRUE(),ISNUMBER(Clean_Data!J10),ISNUMBER(Clean_Data!H10)),Clean_Data!J10-Clean_Data!H10,"") | H10: =IF(AND(ISNUMBER(Clean_Data!J10),ISNUMBER(Clean_Data!H10)),Clean_Data!J10-Clean_Data!H10,IF(ISNUMBER(Clean_Data!H10),TODAY()-Clean_Data!H10,"")) -> 608 | I10: =IF(ISNUMBER(Clean_Data!I10),TEXT(Clean_Data!I10,"YYYY-MM"),"") -> 2024-08 | J10: =IF(ISNUMBER(Clean_Data!H10),TEXT(Clean_Data!H10,"YYYY-MM"),"") -> 2024-08 | K10: =IF(ISNUMBER(Clean_Data!J10),TEXT(Clean_Data!J10,"YYYY-MM"),"") | L10: =IF(ISNUMBER(Clean_Data!H10),YEAR(Clean_Data!H10),"") -> 2024 | M10: =IF(ISNUMBER(Clean_Data!H10),MONTH(Clean_Data!H10),"") -> 8 | N10: =IF(ISNUMBER(Clean_Data!H10),TEXT(Clean_Data!H10,"MMMM"),"") -> August | O10: =D10 -> TRUE | P10: =AND(OR(Clean_Data!F10="High",Clean_Data!F10="Critical"),C10=TRUE()) -> TRUE | Q10: =AND(OR(Clean_Data!F10="High",Clean_Data!F10="Critical"),D10=TRUE()) -> TRUE | R10: =AND(Clean_Data!K10="In Progress",ISNUMBER(Clean_Data!H10),TODAY()-Clean_Data!H10>30) -> FALSE | S10: =IF(B10=TRUE(),IF(AND(ISNUMBER(Clean_Data!N10),ISNUMBER(Clean_Data!M10),Clean_Data!M10>0),IF(Clean_Data!N10<=Clean_Data!M10*1.2,"Healthy","Over Budget"),"N/A"),IF(AND(Clean_Data!K10="In Progress",ISNUMBER(Clean_Data!L10)),IF(Clean_Data!L10>=0.5,"On Track","Slow"),"N/A")) -> N/A | T10: =IF(AND(B10=TRUE(),ISNUMBER(Clean_Data!J10),ISNUMBER(Clean_Data!I10)),Clean_Data!J10<=Clean_Data!I10,"") | U10: =IF(NOT(ISNUMBER(Clean_Data!L10)),FALSE(),AND(Clean_Data!L10>=0,Clean_Data!L10<=1)) -> FALSE
A11: =Clean_Data!A11 -> TSK-0010 | B11: =Clean_Data!K11="Completed" -> FALSE | C11: =OR(Clean_Data!K11="Not Started",Clean_Data!K11="In Progress",Clean_Data!K11="On Hold") -> TRUE | D11: =AND(ISNUMBER(Clean_Data!I11),Clean_Data!I11<TODAY(),Clean_Data!K11<>"Completed",Clean_Data!K11<>"Cancelled") -> TRUE | E11: =IF(AND(ISNUMBER(Clean_Data!H11),Clean_Data!K11<>"Completed",Clean_Data!K11<>"Cancelled"),TODAY()-Clean_Data!H11,"") -> 519 | F11: =IF(AND(B11=TRUE(),ISNUMBER(Clean_Data!J11),ISNUMBER(Clean_Data!I11)),MAX(0,Clean_Data!J11-Clean_Data!I11),IF(AND(B11=FALSE(),ISNUMBER(Clean_Data!I11),Clean_Data!I11<TODAY(),Clean_Data!K11<>"Cancelled"),MAX(0,TODAY()-Clean_Data!I11),"")) -> 502 | G11: =IF(AND(B11=TRUE(),ISNUMBER(Clean_Data!J11),ISNUMBER(Clean_Data!H11)),Clean_Data!J11-Clean_Data!H11,"") | H11: =IF(AND(ISNUMBER(Clean_Data!J11),ISNUMBER(Clean_Data!H11)),Clean_Data!J11-Clean_Data!H11,IF(ISNUMBER(Clean_Data!H11),TODAY()-Clean_Data!H11,"")) -> 519 | I11: =IF(ISNUMBER(Clean_Data!I11),TEXT(Clean_Data!I11,"YYYY-MM"),"") -> 2024-11 | J11: =IF(ISNUMBER(Clean_Data!H11),TEXT(Clean_Data!H11,"YYYY-MM"),"") -> 2024-11 | K11: =IF(ISNUMBER(Clean_Data!J11),TEXT(Clean_Data!J11,"YYYY-MM"),"") | L11: =IF(ISNUMBER(Clean_Data!H11),YEAR(Clean_Data!H11),"") -> 2024 | M11: =IF(ISNUMBER(Clean_Data!H11),MONTH(Clean_Data!H11),"") -> 11 | N11: =IF(ISNUMBER(Clean_Data!H11),TEXT(Clean_Data!H11,"MMMM"),"") -> November | O11: =D11 -> TRUE | P11: =AND(OR(Clean_Data!F11="High",Clean_Data!F11="Critical"),C11=TRUE()) -> TRUE | Q11: =AND(OR(Clean_Data!F11="High",Clean_Data!F11="Critical"),D11=TRUE()) -> TRUE | R11: =AND(Clean_Data!K11="In Progress",ISNUMBER(Clean_Data!H11),TODAY()-Clean_Data!H11>30) -> TRUE | S11: =IF(B11=TRUE(),IF(AND(ISNUMBER(Clean_Data!N11),ISNUMBER(Clean_Data!M11),Clean_Data!M11>0),IF(Clean_Data!N11<=Clean_Data!M11*1.2,"Healthy","Over Budget"),"N/A"),IF(AND(Clean_Data!K11="In Progress",ISNUMBER(Clean_Data!L11)),IF(Clean_Data!L11>=0.5,"On Track","Slow"),"N/A")) -> On Track | T11: =IF(AND(B11=TRUE(),ISNUMBER(Clean_Data!J11),ISNUMBER(Clean_Data!I11)),Clean_Data!J11<=Clean_Data!I11,"") | U11: =IF(NOT(ISNUMBER(Clean_Data!L11)),FALSE(),AND(Clean_Data!L11>=0,Clean_Data!L11<=1)) -> TRUE
A12: =Clean_Data!A12 -> TSK-0011 | B12: =Clean_Data!K12="Completed" -> FALSE | C12: =OR(Clean_Data!K12="Not Started",Clean_Data!K12="In Progress",Clean_Data!K12="On Hold") -> TRUE | D12: =AND(ISNUMBER(Clean_Data!I12),Clean_Data!I12<TODAY(),Clean_Data!K12<>"Completed",Clean_Data!K12<>"Cancelled") -> TRUE | E12: =IF(AND(ISNUMBER(Clean_Data!H12),Clean_Data!K12<>"Completed",Clean_Data!K12<>"Cancelled"),TODAY()-Clean_Data!H12,"") -> 795 | F12: =IF(AND(B12=TRUE(),ISNUMBER(Clean_Data!J12),ISNUMBER(Clean_Data!I12)),MAX(0,Clean_Data!J12-Clean_Data!I12),IF(AND(B12=FALSE(),ISNUMBER(Clean_Data!I12),Clean_Data!I12<TODAY(),Clean_Data!K12<>"Cancelled"),MAX(0,TODAY()-Clean_Data!I12),"")) -> 742 | G12: =IF(AND(B12=TRUE(),ISNUMBER(Clean_Data!J12),ISNUMBER(Clean_Data!H12)),Clean_Data!J12-Clean_Data!H12,"") | H12: =IF(AND(ISNUMBER(Clean_Data!J12),ISNUMBER(Clean_Data!H12)),Clean_Data!J12-Clean_Data!H12,IF(ISNUMBER(Clean_Data!H12),TODAY()-Clean_Data!H12,"")) -> 795 | I12: =IF(ISNUMBER(Clean_Data!I12),TEXT(Clean_Data!I12,"YYYY-MM"),"") -> 2024-04 | J12: =IF(ISNUMBER(Clean_Data!H12),TEXT(Clean_Data!H12,"YYYY-MM"),"") -> 2024-02 | K12: =IF(ISNUMBER(Clean_Data!J12),TEXT(Clean_Data!J12,"YYYY-MM"),"") | L12: =IF(ISNUMBER(Clean_Data!H12),YEAR(Clean_Data!H12),"") -> 2024 | M12: =IF(ISNUMBER(Clean_Data!H12),MONTH(Clean_Data!H12),"") -> 2 | N12: =IF(ISNUMBER(Clean_Data!H12),TEXT(Clean_Data!H12,"MMMM"),"") -> February | O12: =D12 -> TRUE | P12: =AND(OR(Clean_Data!F12="High",Clean_Data!F12="Critical"),C12=TRUE()) -> TRUE | Q12: =AND(OR(Clean_Data!F12="High",Clean_Data!F12="Critical"),D12=TRUE()) -> TRUE | R12: =AND(Clean_Data!K12="In Progress",ISNUMBER(Clean_Data!H12),TODAY()-Clean_Data!H12>30) -> TRUE | S12: =IF(B12=TRUE(),IF(AND(ISNUMBER(Clean_Data!N12),ISNUMBER(Clean_Data!M12),Clean_Data!M12>0),IF(Clean_Data!N12<=Clean_Data!M12*1.2,"Healthy","Over Budget"),"N/A"),IF(AND(Clean_Data!K12="In Progress",ISNUMBER(Clean_Data!L12)),IF(Clean_Data!L12>=0.5,"On Track","Slow"),"N/A")) -> On Track | T12: =IF(AND(B12=TRUE(),ISNUMBER(Clean_Data!J12),ISNUMBER(Clean_Data!I12)),Clean_Data!J12<=Clean_Data!I12,"") | U12: =IF(NOT(ISNUMBER(Clean_Data!L12)),FALSE(),AND(Clean_Data!L12>=0,Clean_Data!L12<=1)) -> TRUE
A13: =Clean_Data!A13 -> TSK-0012 | B13: =Clean_Data!K13="Completed" -> FALSE | C13: =OR(Clean_Data!K13="Not Started",Clean_Data!K13="In Progress",Clean_Data!K13="On Hold") -> TRUE | D13: =AND(ISNUMBER(Clean_Data!I13),Clean_Data!I13<TODAY(),Clean_Data!K13<>"Completed",Clean_Data!K13<>"Cancelled") -> TRUE | E13: =IF(AND(ISNUMBER(Clean_Data!H13),Clean_Data!K13<>"Completed",Clean_Data!K13<>"Cancelled"),TODAY()-Clean_Data!H13,"") -> 599 | F13: =IF(AND(B13=TRUE(),ISNUMBER(Clean_Data!J13),ISNUMBER(Clean_Data!I13)),MAX(0,Clean_Data!J13-Clean_Data!I13),IF(AND(B13=FALSE(),ISNUMBER(Clean_Data!I13),Clean_Data!I13<TODAY(),Clean_Data!K13<>"Cancelled"),MAX(0,TODAY()-Clean_Data!I13),"")) -> 587 | G13: =IF(AND(B13=TRUE(),ISNUMBER(Clean_Data!J13),ISNUMBER(Clean_Data!H13)),Clean_Data!J13-Clean_Data!H13,"") | H13: =IF(AND(ISNUMBER(Clean_Data!J13),ISNUMBER(Clean_Data!H13)),Clean_Data!J13-Clean_Data!H13,IF(ISNUMBER(Clean_Data!H13),TODAY()-Clean_Data!H13,"")) -> 599 | I13: =IF(ISNUMBER(Clean_Data!I13),TEXT(Clean_Data!I13,"YYYY-MM"),"") -> 2024-09 | J13: =IF(ISNUMBER(Clean_Data!H13),TEXT(Clean_Data!H13,"YYYY-MM"),"") -> 2024-08 | K13: =IF(ISNUMBER(Clean_Data!J13),TEXT(Clean_Data!J13,"YYYY-MM"),"") | L13: =IF(ISNUMBER(Clean_Data!H13),YEAR(Clean_Data!H13),"") -> 2024 | M13: =IF(ISNUMBER(Clean_Data!H13),MONTH(Clean_Data!H13),"") -> 8 | N13: =IF(ISNUMBER(Clean_Data!H13),TEXT(Clean_Data!H13,"MMMM"),"") -> August | O13: =D13 -> TRUE | P13: =AND(OR(Clean_Data!F13="High",Clean_Data!F13="Critical"),C13=TRUE()) -> FALSE | Q13: =AND(OR(Clean_Data!F13="High",Clean_Data!F13="Critical"),D13=TRUE()) -> FALSE | R13: =AND(Clean_Data!K13="In Progress",ISNUMBER(Clean_Data!H13),TODAY()-Clean_Data!H13>30) -> TRUE | S13: =IF(B13=TRUE(),IF(AND(ISNUMBER(Clean_Data!N13),ISNUMBER(Clean_Data!M13),Clean_Data!M13>0),IF(Clean_Data!N13<=Clean_Data!M13*1.2,"Healthy","Over Budget"),"N/A"),IF(AND(Clean_Data!K13="In Progress",ISNUMBER(Clean_Data!L13)),IF(Clean_Data!L13>=0.5,"On Track","Slow"),"N/A")) -> Slow | T13: =IF(AND(B13=TRUE(),ISNUMBER(Clean_Data!J13),ISNUMBER(Clean_Data!I13)),Clean_Data!J13<=Clean_Data!I13,"") | U13: =IF(NOT(ISNUMBER(Clean_Data!L13)),FALSE(),AND(Clean_Data!L13>=0,Clean_Data!L13<=1)) -> TRUE
... A121: =Clean_Data!A121 -> TSK-0120 | B121: =Clean_Data!K121="Completed" -> FALSE | C121: =OR(Clean_Data!K121="Not Started",Clean_Data!K121="In Progress",Clean_Data!K121="On Hold") -> FALSE | D121: =AND(ISNUMBER(Clean_Data!I121),Clean_Data!I121<TODAY(),Clean_Data!K121<>"Completed",Clean_Data!K121<>"Cancelled") -> FALSE | E121: =IF(AND(ISNUMBER(Clean_Data!H121),Clean_Data!K121<>"Completed",Clean_Data!K121<>"Cancelled"),TODAY()-Clean_Data!H121,"") | F121: =IF(AND(B121=TRUE(),ISNUMBER(Clean_Data!J121),ISNUMBER(Clean_Data!I121)),MAX(0,Clean_Data!J121-Clean_Data!I121),IF(AND(B121=FALSE(),ISNUMBER(Clean_Data!I121),Clean_Data!I121<TODAY(),Clean_Data!K121<>"Cancelled"),MAX(0,TODAY()-Clean_Data!I121),"")) | G121: =IF(AND(B121=TRUE(),ISNUMBER(Clean_Data!J121),ISNUMBER(Clean_Data!H121)),Clean_Data!J121-Clean_Data!H121,"") | H121: =IF(AND(ISNUMBER(Clean_Data!J121),ISNUMBER(Clean_Data!H121)),Clean_Data!J121-Clean_Data!H121,IF(ISNUMBER(Clean_Data!H121),TODAY()-Clean_Data!H121,"")) -> 642 | I121: =IF(ISNUMBER(Clean_Data!I121),TEXT(Clean_Data!I121,"YYYY-MM"),"") -> 2024-09 | J121: =IF(ISNUMBER(Clean_Data!H121),TEXT(Clean_Data!H121,"YYYY-MM"),"") -> 2024-07 | K121: =IF(ISNUMBER(Clean_Data!J121),TEXT(Clean_Data!J121,"YYYY-MM"),"") | L121: =IF(ISNUMBER(Clean_Data!H121),YEAR(Clean_Data!H121),"") -> 2024 | M121: =IF(ISNUMBER(Clean_Data!H121),MONTH(Clean_Data!H121),"") -> 7 | N121: =IF(ISNUMBER(Clean_Data!H121),TEXT(Clean_Data!H121,"MMMM"),"") -> July | O121: =D121 -> FALSE | P121: =AND(OR(Clean_Data!F121="High",Clean_Data!F121="Critical"),C121=TRUE()) -> FALSE | Q121: =AND(OR(Clean_Data!F121="High",Clean_Data!F121="Critical"),D121=TRUE()) -> FALSE | R121: =AND(Clean_Data!K121="In Progress",ISNUMBER(Clean_Data!H121),TODAY()-Clean_Data!H121>30) -> FALSE | S121: =IF(B121=TRUE(),IF(AND(ISNUMBER(Clean_Data!N121),ISNUMBER(Clean_Data!M121),Clean_Data!M121>0),IF(Clean_Data!N121<=Clean_Data!M121*1.2,"Healthy","Over Budget"),"N/A"),IF(AND(Clean_Data!K121="In Progress",ISNUMBER(Clean_Data!L121)),IF(Clean_Data!L121>=0.5,"On Track","Slow"),"N/A")) -> N/A | T121: =IF(AND(B121=TRUE(),ISNUMBER(Clean_Data!J121),ISNUMBER(Clean_Data!I121)),Clean_Data!J121<=Clean_Data!I121,"") | U121: =IF(NOT(ISNUMBER(Clean_Data!L121)),FALSE(),AND(Clean_Data!L121>=0,Clean_Data!L121<=1)) -> FALSE

Sheet Workload_Analysis
A1: Employee | B1: Assigned Tasks | C1: Open Tasks | D1: Completed Tasks | E1: Total Est Hours | F1: Total Act Hours | G1: Avg Est Hours | H1: Avg Act Hours | I1: Avg Cycle Time | J1: Overdue Tasks | K1: High Priority Tasks | L1: Productivity Score | M1: Capacity Hours | N1: Utilization % | O1: Load Status
A2: Rahul Sharma | B2: =COUNTIFS(Clean_Data!D:D,A2) -> 7 | C2: =COUNTIFS(Clean_Data!D:D,A2,Clean_Data!K:K,"<>Completed",Clean_Data!K:K,"<>Cancelled") -> 2 | D2: =COUNTIFS(Clean_Data!D:D,A2,Clean_Data!K:K,"Completed") -> 4 | E2: =SUMIFS(Clean_Data!M:M,Clean_Data!D:D,A2) -> 227.2 | F2: =SUMIFS(Clean_Data!N:N,Clean_Data!D:D,A2) -> 197.3 | G2: =IFERROR(AVERAGEIFS(Clean_Data!M:M,Clean_Data!D:D,A2),0) -> 32.457143 | H2: =IFERROR(AVERAGEIFS(Clean_Data!N:N,Clean_Data!D:D,A2),0) -> 39.46 | I2: =IFERROR(AVERAGEIFS(Calc_Helper!G:G,Clean_Data!D:D,A2),0) -> 46.5 | J2: =COUNTIFS(Clean_Data!D:D,A2,Calc_Helper!D:D,TRUE()) -> 2 | K2: =COUNTIFS(Clean_Data!D:D,A2,Calc_Helper!P:P,TRUE()) -> 2 | L2: =IFERROR(D2/B2,0) -> 0.57142857 | M2: 160 | N2: =IFERROR(F2/M2,0) -> 1.233125 | O2: =IF(N2>1,"Overloaded",IF(N2>0.8,"High",IF(N2>0.5,"Balanced","Underutilized"))) -> Overloaded
A3: Priya Patel | B3: =COUNTIFS(Clean_Data!D:D,A3) -> 11 | C3: =COUNTIFS(Clean_Data!D:D,A3,Clean_Data!K:K,"<>Completed",Clean_Data!K:K,"<>Cancelled") -> 8 | D3: =COUNTIFS(Clean_Data!D:D,A3,Clean_Data!K:K,"Completed") -> 3 | E3: =SUMIFS(Clean_Data!M:M,Clean_Data!D:D,A3) -> 622.2 | F3: =SUMIFS(Clean_Data!N:N,Clean_Data!D:D,A3) -> 211.5 | G3: =IFERROR(AVERAGEIFS(Clean_Data!M:M,Clean_Data!D:D,A3),0) -> 56.563636 | H3: =IFERROR(AVERAGEIFS(Clean_Data!N:N,Clean_Data!D:D,A3),0) -> 30.214286 | I3: =IFERROR(AVERAGEIFS(Calc_Helper!G:G,Clean_Data!D:D,A3),0) -> 36.333333 | J3: =COUNTIFS(Clean_Data!D:D,A3,Calc_Helper!D:D,TRUE()) -> 8 | K3: =COUNTIFS(Clean_Data!D:D,A3,Calc_Helper!P:P,TRUE()) -> 2 | L3: =IFERROR(D3/B3,0) -> 0.27272727 | M3: 160 | N3: =IFERROR(F3/M3,0) -> 1.321875 | O3: =IF(N3>1,"Overloaded",IF(N3>0.8,"High",IF(N3>0.5,"Balanced","Underutilized"))) -> Overloaded
A4: Amit Verma | B4: =COUNTIFS(Clean_Data!D:D,A4) -> 11 | C4: =COUNTIFS(Clean_Data!D:D,A4,Clean_Data!K:K,"<>Completed",Clean_Data!K:K,"<>Cancelled") -> 8 | D4: =COUNTIFS(Clean_Data!D:D,A4,Clean_Data!K:K,"Completed") -> 2 | E4: =SUMIFS(Clean_Data!M:M,Clean_Data!D:D,A4) -> 431.7 | F4: =SUMIFS(Clean_Data!N:N,Clean_Data!D:D,A4) -> 135.6 | G4: =IFERROR(AVERAGEIFS(Clean_Data!M:M,Clean_Data!D:D,A4),0) -> 39.245455 | H4: =IFERROR(AVERAGEIFS(Clean_Data!N:N,Clean_Data!D:D,A4),0) -> 27.12 | I4: =IFERROR(AVERAGEIFS(Calc_Helper!G:G,Clean_Data!D:D,A4),0) -> 9.5 | J4: =COUNTIFS(Clean_Data!D:D,A4,Calc_Helper!D:D,TRUE()) -> 8 | K4: =COUNTIFS(Clean_Data!D:D,A4,Calc_Helper!P:P,TRUE()) -> 5 | L4: =IFERROR(D4/B4,0) -> 0.18181818 | M4: 160 | N4: =IFERROR(F4/M4,0) -> 0.8475 | O4: =IF(N4>1,"Overloaded",IF(N4>0.8,"High",IF(N4>0.5,"Balanced","Underutilized"))) -> High
A5: Sneha Gupta | B5: =COUNTIFS(Clean_Data!D:D,A5) -> 11 | C5: =COUNTIFS(Clean_Data!D:D,A5,Clean_Data!K:K,"<>Completed",Clean_Data!K:K,"<>Cancelled") -> 8 | D5: =COUNTIFS(Clean_Data!D:D,A5,Clean_Data!K:K,"Completed") -> 2 | E5: =SUMIFS(Clean_Data!M:M,Clean_Data!D:D,A5) -> 452.6 | F5: =SUMIFS(Clean_Data!N:N,Clean_Data!D:D,A5) -> 142.5 | G5: =IFERROR(AVERAGEIFS(Clean_Data!M:M,Clean_Data!D:D,A5),0) -> 41.145455 | H5: =IFERROR(AVERAGEIFS(Clean_Data!N:N,Clean_Data!D:D,A5),0) -> 28.5 | I5: =IFERROR(AVERAGEIFS(Calc_Helper!G:G,Clean_Data!D:D,A5),0) -> 28 | J5: =COUNTIFS(Clean_Data!D:D,A5,Calc_Helper!D:D,TRUE()) -> 8 | K5: =COUNTIFS(Clean_Data!D:D,A5,Calc_Helper!P:P,TRUE()) -> 4 | L5: =IFERROR(D5/B5,0) -> 0.18181818 | M5: 160 | N5: =IFERROR(F5/M5,0) -> 0.890625 | O5: =IF(N5>1,"Overloaded",IF(N5>0.8,"High",IF(N5>0.5,"Balanced","Underutilized"))) -> High
A6: Vikram Singh | B6: =COUNTIFS(Clean_Data!D:D,A6) -> 9 | C6: =COUNTIFS(Clean_Data!D:D,A6,Clean_Data!K:K,"<>Completed",Clean_Data!K:K,"<>Cancelled") -> 5 | D6: =COUNTIFS(Clean_Data!D:D,A6,Clean_Data!K:K,"Completed") -> 2 | E6: =SUMIFS(Clean_Data!M:M,Clean_Data!D:D,A6) -> 387 | F6: =SUMIFS(Clean_Data!N:N,Clean_Data!D:D,A6) -> 118.9 | G6: =IFERROR(AVERAGEIFS(Clean_Data!M:M,Clean_Data!D:D,A6),0) -> 43 | H6: =IFERROR(AVERAGEIFS(Clean_Data!N:N,Clean_Data!D:D,A6),0) -> 14.8625 | I6: =IFERROR(AVERAGEIFS(Calc_Helper!G:G,Clean_Data!D:D,A6),0) -> 9 | J6: =COUNTIFS(Clean_Data!D:D,A6,Calc_Helper!D:D,TRUE()) -> 5 | K6: =COUNTIFS(Clean_Data!D:D,A6,Calc_Helper!P:P,TRUE()) -> 4 | L6: =IFERROR(D6/B6,0) -> 0.22222222 | M6: 160 | N6: =IFERROR(F6/M6,0) -> 0.743125 | O6: =IF(N6>1,"Overloaded",IF(N6>0.8,"High",IF(N6>0.5,"Balanced","Underutilized"))) -> Balanced
A7: Neha Joshi | B7: =COUNTIFS(Clean_Data!D:D,A7) -> 1 | C7: =COUNTIFS(Clean_Data!D:D,A7,Clean_Data!K:K,"<>Completed",Clean_Data!K:K,"<>Cancelled") -> 0 | D7: =COUNTIFS(Clean_Data!D:D,A7,Clean_Data!K:K,"Completed") -> 1 | E7: =SUMIFS(Clean_Data!M:M,Clean_Data!D:D,A7) -> 78.7 | F7: =SUMIFS(Clean_Data!N:N,Clean_Data!D:D,A7) -> 67.1 | G7: =IFERROR(AVERAGEIFS(Clean_Data!M:M,Clean_Data!D:D,A7),0) -> 78.7 | H7: =IFERROR(AVERAGEIFS(Clean_Data!N:N,Clean_Data!D:D,A7),0) -> 67.1 | I7: =IFERROR(AVERAGEIFS(Calc_Helper!G:G,Clean_Data!D:D,A7),0) -> 48 | J7: =COUNTIFS(Clean_Data!D:D,A7,Calc_Helper!D:D,TRUE()) -> 0 | K7: =COUNTIFS(Clean_Data!D:D,A7,Calc_Helper!P:P,TRUE()) -> 0 | L7: =IFERROR(D7/B7,0) -> 1 | M7: 160 | N7: =IFERROR(F7/M7,0) -> 0.419375 | O7: =IF(N7>1,"Overloaded",IF(N7>0.8,"High",IF(N7>0.5,"Balanced","Underutilized"))) -> Underutilized
A8: Arjun Mehta | B8: =COUNTIFS(Clean_Data!D:D,A8) -> 5 | C8: =COUNTIFS(Clean_Data!D:D,A8,Clean_Data!K:K,"<>Completed",Clean_Data!K:K,"<>Cancelled") -> 2 | D8: =COUNTIFS(Clean_Data!D:D,A8,Clean_Data!K:K,"Completed") -> 1 | E8: =SUMIFS(Clean_Data!M:M,Clean_Data!D:D,A8) -> 213.7 | F8: =SUMIFS(Clean_Data!N:N,Clean_Data!D:D,A8) -> 61.4 | G8: =IFERROR(AVERAGEIFS(Clean_Data!M:M,Clean_Data!D:D,A8),0) -> 42.74 | H8: =IFERROR(AVERAGEIFS(Clean_Data!N:N,Clean_Data!D:D,A8),0) -> 30.7 | I8: =IFERROR(AVERAGEIFS(Calc_Helper!G:G,Clean_Data!D:D,A8),0) -> 53 | J8: =COUNTIFS(Clean_Data!D:D,A8,Calc_Helper!D:D,TRUE()) -> 2 | K8: =COUNTIFS(Clean_Data!D:D,A8,Calc_Helper!P:P,TRUE()) -> 1 | L8: =IFERROR(D8/B8,0) -> 0.2 | M8: 160 | N8: =IFERROR(F8/M8,0) -> 0.38375 | O8: =IF(N8>1,"Overloaded",IF(N8>0.8,"High",IF(N8>0.5,"Balanced","Underutilized"))) -> Underutilized
A9: Kavita Rao | B9: =COUNTIFS(Clean_Data!D:D,A9) -> 10 | C9: =COUNTIFS(Clean_Data!D:D,A9,Clean_Data!K:K,"<>Completed",Clean_Data!K:K,"<>Cancelled") -> 8 | D9: =COUNTIFS(Clean_Data!D:D,A9,Clean_Data!K:K,"Completed") -> 1 | E9: =SUMIFS(Clean_Data!M:M,Clean_Data!D:D,A9) -> 317.3 | F9: =SUMIFS(Clean_Data!N:N,Clean_Data!D:D,A9) -> 103.9 | G9: =IFERROR(AVERAGEIFS(Clean_Data!M:M,Clean_Data!D:D,A9),0) -> 31.73 | H9: =IFERROR(AVERAGEIFS(Clean_Data!N:N,Clean_Data!D:D,A9),0) -> 17.316667 | I9: =IFERROR(AVERAGEIFS(Calc_Helper!G:G,Clean_Data!D:D,A9),0) -> 18 | J9: =COUNTIFS(Clean_Data!D:D,A9,Calc_Helper!D:D,TRUE()) -> 8 | K9: =COUNTIFS(Clean_Data!D:D,A9,Calc_Helper!P:P,TRUE()) -> 4 | L9: =IFERROR(D9/B9,0) -> 0.1 | M9: 160 | N9: =IFERROR(F9/M9,0) -> 0.649375 | O9: =IF(N9>1,"Overloaded",IF(N9>0.8,"High",IF(N9>0.5,"Balanced","Underutilized"))) -> Balanced
A10: Deepak Nair | B10: =COUNTIFS(Clean_Data!D:D,A10) -> 5 | C10: =COUNTIFS(Clean_Data!D:D,A10,Clean_Data!K:K,"<>Completed",Clean_Data!K:K,"<>Cancelled") -> 4 | D10: =COUNTIFS(Clean_Data!D:D,A10,Clean_Data!K:K,"Completed") -> 0 | E10: =SUMIFS(Clean_Data!M:M,Clean_Data!D:D,A10) -> 246.5 | F10: =SUMIFS(Clean_Data!N:N,Clean_Data!D:D,A10) -> 25.2 | G10: =IFERROR(AVERAGEIFS(Clean_Data!M:M,Clean_Data!D:D,A10),0) -> 49.3 | H10: =IFERROR(AVERAGEIFS(Clean_Data!N:N,Clean_Data!D:D,A10),0) -> 12.6 | I10: =IFERROR(AVERAGEIFS(Calc_Helper!G:G,Clean_Data!D:D,A10),0) -> 0 | J10: =COUNTIFS(Clean_Data!D:D,A10,Calc_Helper!D:D,TRUE()) -> 4 | K10: =COUNTIFS(Clean_Data!D:D,A10,Calc_Helper!P:P,TRUE()) -> 3 | L10: =IFERROR(D10/B10,0) -> 0 | M10: 160 | N10: =IFERROR(F10/M10,0) -> 0.1575 | O10: =IF(N10>1,"Overloaded",IF(N10>0.8,"High",IF(N10>0.5,"Balanced","Underutilized"))) -> Underutilized
A11: Ananya Das | B11: =COUNTIFS(Clean_Data!D:D,A11) -> 8 | C11: =COUNTIFS(Clean_Data!D:D,A11,Clean_Data!K:K,"<>Completed",Clean_Data!K:K,"<>Cancelled") -> 6 | D11: =COUNTIFS(Clean_Data!D:D,A11,Clean_Data!K:K,"Completed") -> 2 | E11: =SUMIFS(Clean_Data!M:M,Clean_Data!D:D,A11) -> 328.5 | F11: =SUMIFS(Clean_Data!N:N,Clean_Data!D:D,A11) -> 106.3 | G11: =IFERROR(AVERAGEIFS(Clean_Data!M:M,Clean_Data!D:D,A11),0) -> 41.0625 | H11: =IFERROR(AVERAGEIFS(Clean_Data!N:N,Clean_Data!D:D,A11),0) -> 21.26 | I11: =IFERROR(AVERAGEIFS(Calc_Helper!G:G,Clean_Data!D:D,A11),0) -> 44 | J11: =COUNTIFS(Clean_Data!D:D,A11,Calc_Helper!D:D,TRUE()) -> 6 | K11: =COUNTIFS(Clean_Data!D:D,A11,Calc_Helper!P:P,TRUE()) -> 3 | L11: =IFERROR(D11/B11,0) -> 0.25 | M11: 160 | N11: =IFERROR(F11/M11,0) -> 0.664375 | O11: =IF(N11>1,"Overloaded",IF(N11>0.8,"High",IF(N11>0.5,"Balanced","Underutilized"))) -> Balanced
A12: Rohan Iyer | B12: =COUNTIFS(Clean_Data!D:D,A12) -> 10 | C12: =COUNTIFS(Clean_Data!D:D,A12,Clean_Data!K:K,"<>Completed",Clean_Data!K:K,"<>Cancelled") -> 6 | D12: =COUNTIFS(Clean_Data!D:D,A12,Clean_Data!K:K,"Completed") -> 3 | E12: =SUMIFS(Clean_Data!M:M,Clean_Data!D:D,A12) -> 446.8 | F12: =SUMIFS(Clean_Data!N:N,Clean_Data!D:D,A12) -> 114.5 | G12: =IFERROR(AVERAGEIFS(Clean_Data!M:M,Clean_Data!D:D,A12),0) -> 44.68 | H12: =IFERROR(AVERAGEIFS(Clean_Data!N:N,Clean_Data!D:D,A12),0) -> 16.357143 | I12: =IFERROR(AVERAGEIFS(Calc_Helper!G:G,Clean_Data!D:D,A12),0) -> 38.333333 | J12: =COUNTIFS(Clean_Data!D:D,A12,Calc_Helper!D:D,TRUE()) -> 6 | K12: =COUNTIFS(Clean_Data!D:D,A12,Calc_Helper!P:P,TRUE()) -> 2 | L12: =IFERROR(D12/B12,0) -> 0.3 | M12: 160 | N12: =IFERROR(F12/M12,0) -> 0.715625 | O12: =IF(N12>1,"Overloaded",IF(N12>0.8,"High",IF(N12>0.5,"Balanced","Underutilized"))) -> Balanced
A13: Pooja Reddy | B13: =COUNTIFS(Clean_Data!D:D,A13) -> 9 | C13: =COUNTIFS(Clean_Data!D:D,A13,Clean_Data!K:K,"<>Completed",Clean_Data!K:K,"<>Cancelled") -> 5 | D13: =COUNTIFS(Clean_Data!D:D,A13,Clean_Data!K:K,"Completed") -> 3 | E13: =SUMIFS(Clean_Data!M:M,Clean_Data!D:D,A13) -> 264.1 | F13: =SUMIFS(Clean_Data!N:N,Clean_Data!D:D,A13) -> 107.2 | G13: =IFERROR(AVERAGEIFS(Clean_Data!M:M,Clean_Data!D:D,A13),0) -> 29.344444 | H13: =IFERROR(AVERAGEIFS(Clean_Data!N:N,Clean_Data!D:D,A13),0) -> 17.866667 | I13: =IFERROR(AVERAGEIFS(Calc_Helper!G:G,Clean_Data!D:D,A13),0) -> 39.333333 | J13: =COUNTIFS(Clean_Data!D:D,A13,Calc_Helper!D:D,TRUE()) -> 5 | K13: =COUNTIFS(Clean_Data!D:D,A13,Calc_Helper!P:P,TRUE()) -> 2 | L13: =IFERROR(D13/B13,0) -> 0.33333333 | M13: 160 | N13: =IFERROR(F13/M13,0) -> 0.67 | O13: =IF(N13>1,"Overloaded",IF(N13>0.8,"High",IF(N13>0.5,"Balanced","Underutilized"))) -> Balanced
... A16: Karan Malhotra | B16: =COUNTIFS(Clean_Data!D:D,A16) -> 9 | C16: =COUNTIFS(Clean_Data!D:D,A16,Clean_Data!K:K,"<>Completed",Clean_Data!K:K,"<>Cancelled") -> 6 | D16: =COUNTIFS(Clean_Data!D:D,A16,Clean_Data!K:K,"Completed") -> 2 | E16: =SUMIFS(Clean_Data!M:M,Clean_Data!D:D,A16) -> 386.2 | F16: =SUMIFS(Clean_Data!N:N,Clean_Data!D:D,A16) -> 152.9 | G16: =IFERROR(AVERAGEIFS(Clean_Data!M:M,Clean_Data!D:D,A16),0) -> 42.911111 | H16: =IFERROR(AVERAGEIFS(Clean_Data!N:N,Clean_Data!D:D,A16),0) -> 25.483333 | I16: =IFERROR(AVERAGEIFS(Calc_Helper!G:G,Clean_Data!D:D,A16),0) -> 46.5 | J16: =COUNTIFS(Clean_Data!D:D,A16,Calc_Helper!D:D,TRUE()) -> 6 | K16: =COUNTIFS(Clean_Data!D:D,A16,Calc_Helper!P:P,TRUE()) -> 3 | L16: =IFERROR(D16/B16,0) -> 0.22222222 | M16: 160 | N16: =IFERROR(F16/M16,0) -> 0.955625 | O16: =IF(N16>1,"Overloaded",IF(N16>0.8,"High",IF(N16>0.5,"Balanced","Underutilized"))) -> High

Sheet KPI_Summary
A1: MANAGEMENT & TASK TRACKING — KPI SUMMARY
A3: Total Tasks | B3: =COUNTA(tblPivotData[Task ID]) -> 120 | E3: Completed Tasks | F3: =SUM(tblPivotData[Is_Completed_Num]) -> 28
A6: Pending Tasks | B6: =SUM(tblPivotData[Is_Pending_Num]) -> 77 | E6: Delayed Tasks | F6: =SUM(tblPivotData[Is_Delayed_Num]) -> 77
A9: Task Completion % | B9: =IFERROR(SUM(tblPivotData[Is_Completed_Num])/COUNTA(tblPivotData[Task ID]),0) -> 0.23333333 | E9: Avg Completion Time | F9: =IFERROR(AVERAGEIFS(tblPivotData[Cycle_Time_Days],tblPivotData[Is_Completed_Num],1,tblPivotData[Cycle_Time_Days],"<>0"),0) -> 35.035714
A12: High Priority Tasks | B12: =COUNTIFS(tblPivotData[Priority],"High")+COUNTIFS(tblPivotData[Priority],"Critical") -> 72 | E12: Overdue Open Tasks | F12: =SUM(tblPivotData[Overdue_Flag_Num]) -> 77
A15: On-Time Completion % | B15: =IFERROR(SUM(tblPivotData[On_Time_Flag_Num])/SUM(tblPivotData[Is_Completed_Num]),0) -> 0.28571429 | E15: Average Variance (hrs) | F15: =IFERROR(AVERAGEIFS(tblPivotData[Variance],tblPivotData[Variance],"<>0"),0) -> -19.905405
A18: Tasks Due This Month | B18: =COUNTIFS(tblPivotData[Due_Month],TEXT(TODAY(),"YYYY-MM")) -> 0 | E18: Tasks Completed This Month | F18: =COUNTIFS(tblPivotData[Completion_Month],TEXT(TODAY(),"YYYY-MM")) -> 0
A21: High Priority Open Tasks | B21: =SUM(tblPivotData[High_Priority_Open_Flag_Num]) -> 42 | E21: SLA Breaches | F21: =SUM(tblPivotData[SLA_Breach_Flag_Num]) -> 42
A24: Stale In Progress Tasks | B24: =SUM(tblPivotData[Stale_In_Progress_Flag_Num]) -> 30 | E24: Average Days Open | F24: =IFERROR(AVERAGEIFS(tblPivotData[Days_Open],tblPivotData[Days_Open],"<>0"),0) -> 626.45455
A27: Average Cycle Time | B27: =IFERROR(AVERAGEIFS(tblPivotData[Cycle_Time_Days],tblPivotData[Cycle_Time_Days],"<>0"),0) -> 35.035714 | E27: Total Estimated Hours | F27: =SUM(tblPivotData[Estimated Hours]) -> 4997.8
A30: Total Actual Hours | B30: =SUM(tblPivotData[Actual Hours]) -> 1625.9 | E30: Productivity Indicator | F30: =IFERROR(COUNTIFS(tblPivotData[Productivity_Flag],"Healthy")+COUNTIFS(tblPivotData[Productivity_Flag],"On Track"),0) -> 28

Sheet Pivot_Tables
A1: Row Labels | B1: Count of Task ID
A2: Cancelled | B2: 15
A3: Completed | B3: 28
A4: In Progress | B4: 30
A5: Not Started | B5: 22
A6: On Hold | B6: 25
A7: Grand Total | B7: 120
A12: Count of Task ID | B12: Column Labels
A13: Row Labels | B13: Cancelled | C13: Completed | D13: In Progress | E13: Not Started | F13: On Hold | G13: Grand Total
A14: Finance | B14: 3 | C14: 5 | D14: 6 | E14: 1 | F14: 3 | G14: 18
A15: HR | B15: 2 | C15: 2 | D15: 7 | E15: 9 | F15: 7 | G15: 27
A16: IT | B16: 4 | C16: 10 | D16: 3 | E16: 3 | F16: 2 | G16: 22
A17: Marketing | B17: 1 | C17: 4 | D17: 4 | E17: 2 | F17: 4 | G17: 15
A18: Operations | B18: 1 | C18: 5 | D18: 6 | E18: 4 | F18: 1 | G18: 17
A19: Sales | B19: 4 | C19: 2 | D19: 4 | E19: 3 | F19: 8 | G19: 21
A20: Grand Total | B20: 15 | C20: 28 | D20: 30 | E20: 22 | F20: 25 | G20: 120
A25: Row Labels | B25: Count of Task ID
A26: Critical | B26: 29
A27: High | B27: 43
A28: Low | B28: 21
A29: Medium | B29: 27
A30: Grand Total | B30: 120
A35: Count of Task ID | B35: Column Labels
A36: Row Labels | B36: Cancelled | C36: Completed | D36: In Progress | E36: Not Started | F36: On Hold | G36: Grand Total
A37: Annual Audit | B37: 3 | C37: 3 | D37: 4 | F37: 1 | G37: 11
A38: CRM Migration | B38: 3 | C38: 5 | D38: 2 | E38: 2 | F38: 2 | G38: 14
A39: Data Analytics Platform | B39: 1 | C39: 1 | E39: 5 | F39: 1 | G39: 8
A40: Employee Onboarding | C40: 3 | D40: 1 | E40: 1 | F40: 4 | G40: 9
A41: IT Infrastructure | C41: 1 | D41: 1 | F41: 2 | G41: 4
A42: Marketing Campaign | B42: 2 | C42: 1 | D42: 3 | E42: 2 | F42: 5 | G42: 13
A43: Mobile App v2 | C43: 7 | D43: 1 | E43: 3 | F43: 6 | G43: 17
A44: Product Launch | B44: 1 | C44: 4 | D44: 6 | E44: 5 | F44: 3 | G44: 19
A45: Supply Chain Optimization | B45: 3 | C45: 2 | D45: 6 | E45: 2 | G45: 13
A46: Website Redesign | B46: 2 | C46: 1 | D46: 6 | E46: 2 | F46: 1 | G46: 12
A47: Grand Total | B47: 15 | C47: 28 | D47: 30 | E47: 22 | F47: 25 | G47: 120

Sheet Dashboard
A1: 📊 MANAGEMENT & TASK TRACKING DASHBOARD
A2: Task & Resource Management · FY 2024–2025 | G2: ="Last updated: "&TEXT(TODAY(),"dd-mmm-yyyy") -> Last updated: 14-Apr-2026
A3: TOTAL TASKS | C3: COMPLETED | E3: IN PROGRESS | G3: OVERDUE | I3: COMPLETION RATE
A4: =KPI_Summary!B3 -> 120 | C4: =KPI_Summary!F3 -> 28 | E4: =COUNTIF(tblPivotData[Task Status],"In Progress") -> 30 | G4: =KPI_Summary!F12 -> 77 | I4: =KPI_Summary!B9 -> 0.23333333
A5: ="High Priority: "&KPI_Summary!B12 -> High Priority: 72 | C5: ="On-Time: "&TEXT(KPI_Summary!B15,"0.0%") -> On-Time: 28.6% | E5: ="Avg Cycle: "&ROUND(KPI_Summary!B27,1)&" days" -> Avg Cycle: 35 days | G5: ="SLA Breaches: "&KPI_Summary!F21 -> SLA Breaches: 42 | I5: ="Stale Tasks: "&KPI_Summary!B24 -> Stale Tasks: 30
A6: CHARTS & ANALYSIS | G6: FILTERS & DATA
G7: Status | H7: Count
G8: Completed | H8: =COUNTIFS(tblPivotData[Task Status],G8) -> 28
G9: In Progress | H9: =COUNTIFS(tblPivotData[Task Status],G9) -> 30
G10: Not Started | H10: =COUNTIFS(tblPivotData[Task Status],G10) -> 22
G11: On Hold | H11: =COUNTIFS(tblPivotData[Task Status],G11) -> 25
G12: Cancelled | H12: =COUNTIFS(tblPivotData[Task Status],G12) -> 15
G15: Department | H15: Total
G16: IT | H16: =COUNTIFS(tblPivotData[Department],G16) -> 22
G17: Finance | H17: =COUNTIFS(tblPivotData[Department],G17) -> 18
G18: Marketing | H18: =COUNTIFS(tblPivotData[Department],G18) -> 15
G19: HR | H19: =COUNTIFS(tblPivotData[Department],G19) -> 27
G20: Operations | H20: =COUNTIFS(tblPivotData[Department],G20) -> 17
G21: Sales | H21: =COUNTIFS(tblPivotData[Department],G21) -> 21
G23: Priority | H23: Total
G24: Critical | H24: =COUNTIFS(tblPivotData[Priority],G24) -> 29
G25: High | H25: =COUNTIFS(tblPivotData[Priority],G25) -> 43
G26: Medium | H26: =COUNTIFS(tblPivotData[Priority],G26) -> 27
G27: Low | H27: =COUNTIFS(tblPivotData[Priority],G27) -> 21
G29: Month | H29: Completed
G30: 2024-01 | H30: =COUNTIFS(tblPivotData[Completion_Month],G30) -> 0
G31: 2024-02 | H31: =COUNTIFS(tblPivotData[Completion_Month],G31) -> 0
G32: 2024-03 | H32: =COUNTIFS(tblPivotData[Completion_Month],G32) -> 2
G33: 2024-04 | H33: =COUNTIFS(tblPivotData[Completion_Month],G33) -> 2
G34: 2024-05 | H34: =COUNTIFS(tblPivotData[Completion_Month],G34) -> 2
G35: 2024-06 | H35: =COUNTIFS(tblPivotData[Completion_Month],G35) -> 4
G36: 2024-07 | H36: =COUNTIFS(tblPivotData[Completion_Month],G36) -> 1
G37: 2024-08 | H37: =COUNTIFS(tblPivotData[Completion_Month],G37) -> 1
G38: 2024-09 | H38: =COUNTIFS(tblPivotData[Completion_Month],G38) -> 0
G39: 2024-10 | H39: =COUNTIFS(tblPivotData[Completion_Month],G39) -> 1
G40: 2024-11 | H40: =COUNTIFS(tblPivotData[Completion_Month],G40) -> 6
G41: 2024-12 | H41: =COUNTIFS(tblPivotData[Completion_Month],G41) -> 3
... G44: 2025-03 | H44: =COUNTIFS(tblPivotData[Completion_Month],G44) -> 2
G46: Employee | H46: Assigned
G47: Rahul Sharma | H47: =COUNTIFS(tblPivotData[Assigned To],G47) -> 7
G48: Priya Patel | H48: =COUNTIFS(tblPivotData[Assigned To],G48) -> 11
G49: Amit Verma | H49: =COUNTIFS(tblPivotData[Assigned To],G49) -> 11
G50: Sneha Gupta | H50: =COUNTIFS(tblPivotData[Assigned To],G50) -> 11
G51: Vikram Singh | H51: =COUNTIFS(tblPivotData[Assigned To],G51) -> 9
G52: Neha Joshi | H52: =COUNTIFS(tblPivotData[Assigned To],G52) -> 1
G53: Arjun Mehta | H53: =COUNTIFS(tblPivotData[Assigned To],G53) -> 5
G54: Kavita Rao | H54: =COUNTIFS(tblPivotData[Assigned To],G54) -> 10
G55: Deepak Nair | H55: =COUNTIFS(tblPivotData[Assigned To],G55) -> 5
G56: Ananya Das | H56: =COUNTIFS(tblPivotData[Assigned To],G56) -> 8
G57: Rohan Iyer | H57: =COUNTIFS(tblPivotData[Assigned To],G57) -> 10
G58: Pooja Reddy | H58: =COUNTIFS(tblPivotData[Assigned To],G58) -> 9
... G61: Karan Malhotra | H61: =COUNTIFS(tblPivotData[Assigned To],G61) -> 9
G63: Employee | H63: Actual Hrs
G64: =Workload_Analysis!A2 -> Rahul Sharma | H64: =Workload_Analysis!F2 -> 197.3
G65: =Workload_Analysis!A3 -> Priya Patel | H65: =Workload_Analysis!F3 -> 211.5
G66: =Workload_Analysis!A4 -> Amit Verma | H66: =Workload_Analysis!F4 -> 135.6
G67: =Workload_Analysis!A5 -> Sneha Gupta | H67: =Workload_Analysis!F5 -> 142.5
G68: =Workload_Analysis!A6 -> Vikram Singh | H68: =Workload_Analysis!F6 -> 118.9
G69: =Workload_Analysis!A7 -> Neha Joshi | H69: =Workload_Analysis!F7 -> 67.1
G70: =Workload_Analysis!A8 -> Arjun Mehta | H70: =Workload_Analysis!F8 -> 61.4
G71: =Workload_Analysis!A9 -> Kavita Rao | H71: =Workload_Analysis!F9 -> 103.9
G72: =Workload_Analysis!A10 -> Deepak Nair | H72: =Workload_Analysis!F10 -> 25.2
G73: =Workload_Analysis!A11 -> Ananya Das | H73: =Workload_Analysis!F11 -> 106.3
G74: =Workload_Analysis!A12 -> Rohan Iyer | H74: =Workload_Analysis!F12 -> 114.5
G75: =Workload_Analysis!A13 -> Pooja Reddy | H75: =Workload_Analysis!F13 -> 107.2
... G78: =Workload_Analysis!A16 -> Karan Malhotra | H78: =Workload_Analysis!F16 -> 152.9

Sheet Pivot_Analysis
A1: Task ID | B1: Project Name | C1: Department | D1: Assigned To | E1: Role | F1: Priority | G1: Task Category | H1: Task Status | I1: Start Date | J1: Due Date | K1: Completion Date | L1: Due_Month | M1: Start_Month | N1: Completion_Month | O1: Year | P1: Month_Number | Q1: Month_Name | R1: Progress_Pct | S1: Estimated Hours | T1: Actual Hours | U1: Variance | V1: Days_Open | W1: Delay_Days | X1: Cycle_Time_Days | Y1: Lead_Time_Days | Z1: Is_Completed | AA1: Is_Completed_Num | AB1: Is_Pending | AC1: Is_Pending_Num | AD1: Is_Delayed | AE1: Is_Delayed_Num | AF1: Overdue_Flag | AG1: Overdue_Flag_Num | AH1: High_Priority_Open_Flag | AI1: High_Priority_Open_Flag_Num | AJ1: SLA_Breach_Flag | AK1: SLA_Breach_Flag_Num | AL1: Stale_In_Progress_Flag | AM1: Stale_In_Progress_Flag_Num | AN1: Productivity_Flag | AO1: Productivity_Flag_Num | AP1: On_Time_Flag | AQ1: On_Time_Flag_Num
A2: =IF(Clean_Data!A2="","Unknown",Clean_Data!A2) -> TSK-0001 | B2: =IF(Clean_Data!B2="","Unknown",Clean_Data!B2) -> CRM Migration | C2: =IF(Clean_Data!C2="","Unknown",Clean_Data!C2) -> IT | D2: =IF(Clean_Data!D2="","Unknown",Clean_Data!D2) -> Pooja Reddy | E2: =IF(Clean_Data!E2="","Unknown",Clean_Data!E2) -> Manager | F2: =IF(Clean_Data!F2="","Unknown",Clean_Data!F2) -> High | G2: =IF(Clean_Data!G2="","Unknown",Clean_Data!G2) -> Research | H2: =IF(Clean_Data!K2="","Unknown",Clean_Data!K2) -> Completed | I2: =Clean_Data!H2 -> 45367 | J2: =Clean_Data!I2 -> 45419 | K2: =Clean_Data!J2 -> 45430 | L2: =IF(Calc_Helper!I2="","Unknown",Calc_Helper!I2) -> 2024-05 | M2: =IF(Calc_Helper!J2="","Unknown",Calc_Helper!J2) -> 2024-03 | N2: =IF(Calc_Helper!K2="","",Calc_Helper!K2) -> 2024-05 | O2: =IFERROR(Calc_Helper!L2,"") -> 2024 | P2: =IFERROR(Calc_Helper!M2,"") -> 3 | Q2: =IF(Calc_Helper!N2="","Unknown",Calc_Helper!N2) -> March | R2: =IFERROR(IF(ISNUMBER(Clean_Data!L2),Clean_Data!L2,0),0) -> 1 | S2: =IFERROR(IF(ISNUMBER(Clean_Data!M2),Clean_Data!M2,0),0) -> 10.6 | T2: =IF(Clean_Data!N2="","",IFERROR(IF(ISNUMBER(Clean_Data!N2),Clean_Data!N2,""),"")) -> 12.5 | U2: =IFERROR(IF(ISNUMBER(Clean_Data!O2),Clean_Data!O2,0),0) -> 1.9 | V2: =IFERROR(IF(ISNUMBER(Calc_Helper!E2),Calc_Helper!E2,0),0) -> 0 | W2: =IFERROR(IF(ISNUMBER(Calc_Helper!F2),Calc_Helper!F2,0),0) -> 11 | X2: =IFERROR(IF(ISNUMBER(Calc_Helper!G2),Calc_Helper!G2,0),0) -> 63 | Y2: =IFERROR(IF(ISNUMBER(Calc_Helper!H2),Calc_Helper!H2,0),0) -> 63 | Z2: =Calc_Helper!B2 -> TRUE | AA2: =IF(Calc_Helper!B2=TRUE(),1,0) -> 1 | AB2: =Calc_Helper!C2 -> FALSE | AC2: =IF(Calc_Helper!C2=TRUE(),1,0) -> 0 | AD2: =Calc_Helper!D2 -> FALSE | AE2: =IF(Calc_Helper!D2=TRUE(),1,0) -> 0 | AF2: =Calc_Helper!O2 -> FALSE | AG2: =IF(Calc_Helper!O2=TRUE(),1,0) -> 0 | AH2: =Calc_Helper!P2 -> FALSE | AI2: =IF(Calc_Helper!P2=TRUE(),1,0) -> 0 | AJ2: =Calc_Helper!Q2 -> FALSE | AK2: =IF(Calc_Helper!Q2=TRUE(),1,0) -> 0 | AL2: =Calc_Helper!R2 -> FALSE | AM2: =IF(Calc_Helper!R2=TRUE(),1,0) -> 0 | AN2: =IF(Calc_Helper!S2="","Unknown",Calc_Helper!S2) -> Healthy | AO2: =IF(OR(Calc_Helper!S2="Healthy",Calc_Helper!S2="On Track"),1,0) -> 1 | AP2: =IFERROR(IF(Calc_Helper!T2="","",Calc_Helper!T2),"") -> FALSE | AQ2: =IF(Calc_Helper!T2=TRUE(),1,0) -> 0
A3: =IF(Clean_Data!A3="","Unknown",Clean_Data!A3) -> TSK-0002 | B3: =IF(Clean_Data!B3="","Unknown",Clean_Data!B3) -> Product Launch | C3: =IF(Clean_Data!C3="","Unknown",Clean_Data!C3) -> Sales | D3: =IF(Clean_Data!D3="","Unknown",Clean_Data!D3) -> Ananya Das | E3: =IF(Clean_Data!E3="","Unknown",Clean_Data!E3) -> Analyst | F3: =IF(Clean_Data!F3="","Unknown",Clean_Data!F3) -> Low | G3: =IF(Clean_Data!G3="","Unknown",Clean_Data!G3) -> Design | H3: =IF(Clean_Data!K3="","Unknown",Clean_Data!K3) -> On Hold | I3: =Clean_Data!H3 -> 45662 | J3: =Clean_Data!I3 -> 45708 | K3: =Clean_Data!J3 | L3: =IF(Calc_Helper!I3="","Unknown",Calc_Helper!I3) -> 2025-02 | M3: =IF(Calc_Helper!J3="","Unknown",Calc_Helper!J3) -> 2025-01 | N3: =IF(Calc_Helper!K3="","",Calc_Helper!K3) | O3: =IFERROR(Calc_Helper!L3,"") -> 2025 | P3: =IFERROR(Calc_Helper!M3,"") -> 1 | Q3: =IF(Calc_Helper!N3="","Unknown",Calc_Helper!N3) -> January | R3: =IFERROR(IF(ISNUMBER(Clean_Data!L3),Clean_Data!L3,0),0) -> 0 | S3: =IFERROR(IF(ISNUMBER(Clean_Data!M3),Clean_Data!M3,0),0) -> 48.8 | T3: =IF(Clean_Data!N3="","",IFERROR(IF(ISNUMBER(Clean_Data!N3),Clean_Data!N3,""),"")) | U3: =IFERROR(IF(ISNUMBER(Clean_Data!O3),Clean_Data!O3,0),0) -> 0 | V3: =IFERROR(IF(ISNUMBER(Calc_Helper!E3),Calc_Helper!E3,0),0) -> 464 | W3: =IFERROR(IF(ISNUMBER(Calc_Helper!F3),Calc_Helper!F3,0),0) -> 418 | X3: =IFERROR(IF(ISNUMBER(Calc_Helper!G3),Calc_Helper!G3,0),0) -> 0 | Y3: =IFERROR(IF(ISNUMBER(Calc_Helper!H3),Calc_Helper!H3,0),0) -> 464 | Z3: =Calc_Helper!B3 -> FALSE | AA3: =IF(Calc_Helper!B3=TRUE(),1,0) -> 0 | AB3: =Calc_Helper!C3 -> TRUE | AC3: =IF(Calc_Helper!C3=TRUE(),1,0) -> 1 | AD3: =Calc_Helper!D3 -> TRUE | AE3: =IF(Calc_Helper!D3=TRUE(),1,0) -> 1 | AF3: =Calc_Helper!O3 -> TRUE | AG3: =IF(Calc_Helper!O3=TRUE(),1,0) -> 1 | AH3: =Calc_Helper!P3 -> FALSE | AI3: =IF(Calc_Helper!P3=TRUE(),1,0) -> 0 | AJ3: =Calc_Helper!Q3 -> FALSE | AK3: =IF(Calc_Helper!Q3=TRUE(),1,0) -> 0 | AL3: =Calc_Helper!R3 -> FALSE | AM3: =IF(Calc_Helper!R3=TRUE(),1,0) -> 0 | AN3: =IF(Calc_Helper!S3="","Unknown",Calc_Helper!S3) -> N/A | AO3: =IF(OR(Calc_Helper!S3="Healthy",Calc_Helper!S3="On Track"),1,0) -> 0 | AP3: =IFERROR(IF(Calc_Helper!T3="","",Calc_Helper!T3),"") | AQ3: =IF(Calc_Helper!T3=TRUE(),1,0) -> 0
A4: =IF(Clean_Data!A4="","Unknown",Clean_Data!A4) -> TSK-0003 | B4: =IF(Clean_Data!B4="","Unknown",Clean_Data!B4) -> Marketing Campaign | C4: =IF(Clean_Data!C4="","Unknown",Clean_Data!C4) -> HR | D4: =IF(Clean_Data!D4="","Unknown",Clean_Data!D4) -> Vikram Singh | E4: =IF(Clean_Data!E4="","Unknown",Clean_Data!E4) -> Developer | F4: =IF(Clean_Data!F4="","Unknown",Clean_Data!F4) -> High | G4: =IF(Clean_Data!G4="","Unknown",Clean_Data!G4) -> Planning | H4: =IF(Clean_Data!K4="","Unknown",Clean_Data!K4) -> On Hold | I4: =Clean_Data!H4 -> 45348 | J4: =Clean_Data!I4 -> 45358 | K4: =Clean_Data!J4 | L4: =IF(Calc_Helper!I4="","Unknown",Calc_Helper!I4) -> 2024-03 | M4: =IF(Calc_Helper!J4="","Unknown",Calc_Helper!J4) -> 2024-02 | N4: =IF(Calc_Helper!K4="","",Calc_Helper!K4) | O4: =IFERROR(Calc_Helper!L4,"") -> 2024 | P4: =IFERROR(Calc_Helper!M4,"") -> 2 | Q4: =IF(Calc_Helper!N4="","Unknown",Calc_Helper!N4) -> February | R4: =IFERROR(IF(ISNUMBER(Clean_Data!L4),Clean_Data!L4,0),0) -> 0 | S4: =IFERROR(IF(ISNUMBER(Clean_Data!M4),Clean_Data!M4,0),0) -> 68.4 | T4: =IF(Clean_Data!N4="","",IFERROR(IF(ISNUMBER(Clean_Data!N4),Clean_Data!N4,""),"")) | U4: =IFERROR(IF(ISNUMBER(Clean_Data!O4),Clean_Data!O4,0),0) -> 0 | V4: =IFERROR(IF(ISNUMBER(Calc_Helper!E4),Calc_Helper!E4,0),0) -> 778 | W4: =IFERROR(IF(ISNUMBER(Calc_Helper!F4),Calc_Helper!F4,0),0) -> 768 | X4: =IFERROR(IF(ISNUMBER(Calc_Helper!G4),Calc_Helper!G4,0),0) -> 0 | Y4: =IFERROR(IF(ISNUMBER(Calc_Helper!H4),Calc_Helper!H4,0),0) -> 778 | Z4: =Calc_Helper!B4 -> FALSE | AA4: =IF(Calc_Helper!B4=TRUE(),1,0) -> 0 | AB4: =Calc_Helper!C4 -> TRUE | AC4: =IF(Calc_Helper!C4=TRUE(),1,0) -> 1 | AD4: =Calc_Helper!D4 -> TRUE | AE4: =IF(Calc_Helper!D4=TRUE(),1,0) -> 1 | AF4: =Calc_Helper!O4 -> TRUE | AG4: =IF(Calc_Helper!O4=TRUE(),1,0) -> 1 | AH4: =Calc_Helper!P4 -> TRUE | AI4: =IF(Calc_Helper!P4=TRUE(),1,0) -> 1 | AJ4: =Calc_Helper!Q4 -> TRUE | AK4: =IF(Calc_Helper!Q4=TRUE(),1,0) -> 1 | AL4: =Calc_Helper!R4 -> FALSE | AM4: =IF(Calc_Helper!R4=TRUE(),1,0) -> 0 | AN4: =IF(Calc_Helper!S4="","Unknown",Calc_Helper!S4) -> N/A | AO4: =IF(OR(Calc_Helper!S4="Healthy",Calc_Helper!S4="On Track"),1,0) -> 0 | AP4: =IFERROR(IF(Calc_Helper!T4="","",Calc_Helper!T4),"") | AQ4: =IF(Calc_Helper!T4=TRUE(),1,0) -> 0
A5: =IF(Clean_Data!A5="","Unknown",Clean_Data!A5) -> TSK-0004 | B5: =IF(Clean_Data!B5="","Unknown",Clean_Data!B5) -> Data Analytics Platform | C5: =IF(Clean_Data!C5="","Unknown",Clean_Data!C5) -> Finance | D5: =IF(Clean_Data!D5="","Unknown",Clean_Data!D5) -> Karan Malhotra | E5: =IF(Clean_Data!E5="","Unknown",Clean_Data!E5) -> Tester | F5: =IF(Clean_Data!F5="","Unknown",Clean_Data!F5) -> High | G5: =IF(Clean_Data!G5="","Unknown",Clean_Data!G5) -> Planning | H5: =IF(Clean_Data!K5="","Unknown",Clean_Data!K5) -> Not Started | I5: =Clean_Data!H5 -> 45617 | J5: =Clean_Data!I5 -> 45661 | K5: =Clean_Data!J5 | L5: =IF(Calc_Helper!I5="","Unknown",Calc_Helper!I5) -> 2025-01 | M5: =IF(Calc_Helper!J5="","Unknown",Calc_Helper!J5) -> 2024-11 | N5: =IF(Calc_Helper!K5="","",Calc_Helper!K5) | O5: =IFERROR(Calc_Helper!L5,"") -> 2024 | P5: =IFERROR(Calc_Helper!M5,"") -> 11 | Q5: =IF(Calc_Helper!N5="","Unknown",Calc_Helper!N5) -> November | R5: =IFERROR(IF(ISNUMBER(Clean_Data!L5),Clean_Data!L5,0),0) -> 0 | S5: =IFERROR(IF(ISNUMBER(Clean_Data!M5),Clean_Data!M5,0),0) -> 18.6 | T5: =IF(Clean_Data!N5="","",IFERROR(IF(ISNUMBER(Clean_Data!N5),Clean_Data!N5,""),"")) | U5: =IFERROR(IF(ISNUMBER(Clean_Data!O5),Clean_Data!O5,0),0) -> 0 | V5: =IFERROR(IF(ISNUMBER(Calc_Helper!E5),Calc_Helper!E5,0),0) -> 509 | W5: =IFERROR(IF(ISNUMBER(Calc_Helper!F5),Calc_Helper!F5,0),0) -> 465 | X5: =IFERROR(IF(ISNUMBER(Calc_Helper!G5),Calc_Helper!G5,0),0) -> 0 | Y5: =IFERROR(IF(ISNUMBER(Calc_Helper!H5),Calc_Helper!H5,0),0) -> 509 | Z5: =Calc_Helper!B5 -> FALSE | AA5: =IF(Calc_Helper!B5=TRUE(),1,0) -> 0 | AB5: =Calc_Helper!C5 -> TRUE | AC5: =IF(Calc_Helper!C5=TRUE(),1,0) -> 1 | AD5: =Calc_Helper!D5 -> TRUE | AE5: =IF(Calc_Helper!D5=TRUE(),1,0) -> 1 | AF5: =Calc_Helper!O5 -> TRUE | AG5: =IF(Calc_Helper!O5=TRUE(),1,0) -> 1 | AH5: =Calc_Helper!P5 -> TRUE | AI5: =IF(Calc_Helper!P5=TRUE(),1,0) -> 1 | AJ5: =Calc_Helper!Q5 -> TRUE | AK5: =IF(Calc_Helper!Q5=TRUE(),1,0) -> 1 | AL5: =Calc_Helper!R5 -> FALSE | AM5: =IF(Calc_Helper!R5=TRUE(),1,0) -> 0 | AN5: =IF(Calc_Helper!S5="","Unknown",Calc_Helper!S5) -> N/A | AO5: =IF(OR(Calc_Helper!S5="Healthy",Calc_Helper!S5="On Track"),1,0) -> 0 | AP5: =IFERROR(IF(Calc_Helper!T5="","",Calc_Helper!T5),"") | AQ5: =IF(Calc_Helper!T5=TRUE(),1,0) -> 0
A6: =IF(Clean_Data!A6="","Unknown",Clean_Data!A6) -> TSK-0005 | B6: =IF(Clean_Data!B6="","Unknown",Clean_Data!B6) -> Employee Onboarding | C6: =IF(Clean_Data!C6="","Unknown",Clean_Data!C6) -> IT | D6: =IF(Clean_Data!D6="","Unknown",Clean_Data!D6) -> Meera Thakur | E6: =IF(Clean_Data!E6="","Unknown",Clean_Data!E6) -> Manager | F6: =IF(Clean_Data!F6="","Unknown",Clean_Data!F6) -> Critical | G6: =IF(Clean_Data!G6="","Unknown",Clean_Data!G6) -> Testing | H6: =IF(Clean_Data!K6="","Unknown",Clean_Data!K6) -> On Hold | I6: =Clean_Data!H6 -> 45490 | J6: =Clean_Data!I6 -> 45512 | K6: =Clean_Data!J6 | L6: =IF(Calc_Helper!I6="","Unknown",Calc_Helper!I6) -> 2024-08 | M6: =IF(Calc_Helper!J6="","Unknown",Calc_Helper!J6) -> 2024-07 | N6: =IF(Calc_Helper!K6="","",Calc_Helper!K6) | O6: =IFERROR(Calc_Helper!L6,"") -> 2024 | P6: =IFERROR(Calc_Helper!M6,"") -> 7 | Q6: =IF(Calc_Helper!N6="","Unknown",Calc_Helper!N6) -> July | R6: =IFERROR(IF(ISNUMBER(Clean_Data!L6),Clean_Data!L6,0),0) -> 0.28 | S6: =IFERROR(IF(ISNUMBER(Clean_Data!M6),Clean_Data!M6,0),0) -> 32.1 | T6: =IF(Clean_Data!N6="","",IFERROR(IF(ISNUMBER(Clean_Data!N6),Clean_Data!N6,""),"")) | U6: =IFERROR(IF(ISNUMBER(Clean_Data!O6),Clean_Data!O6,0),0) -> 0 | V6: =IFERROR(IF(ISNUMBER(Calc_Helper!E6),Calc_Helper!E6,0),0) -> 636 | W6: =IFERROR(IF(ISNUMBER(Calc_Helper!F6),Calc_Helper!F6,0),0) -> 614 | X6: =IFERROR(IF(ISNUMBER(Calc_Helper!G6),Calc_Helper!G6,0),0) -> 0 | Y6: =IFERROR(IF(ISNUMBER(Calc_Helper!H6),Calc_Helper!H6,0),0) -> 636 | Z6: =Calc_Helper!B6 -> FALSE | AA6: =IF(Calc_Helper!B6=TRUE(),1,0) -> 0 | AB6: =Calc_Helper!C6 -> TRUE | AC6: =IF(Calc_Helper!C6=TRUE(),1,0) -> 1 | AD6: =Calc_Helper!D6 -> TRUE | AE6: =IF(Calc_Helper!D6=TRUE(),1,0) -> 1 | AF6: =Calc_Helper!O6 -> TRUE | AG6: =IF(Calc_Helper!O6=TRUE(),1,0) -> 1 | AH6: =Calc_Helper!P6 -> TRUE | AI6: =IF(Calc_Helper!P6=TRUE(),1,0) -> 1 | AJ6: =Calc_Helper!Q6 -> TRUE | AK6: =IF(Calc_Helper!Q6=TRUE(),1,0) -> 1 | AL6: =Calc_Helper!R6 -> FALSE | AM6: =IF(Calc_Helper!R6=TRUE(),1,0) -> 0 | AN6: =IF(Calc_Helper!S6="","Unknown",Calc_Helper!S6) -> N/A | AO6: =IF(OR(Calc_Helper!S6="Healthy",Calc_Helper!S6="On Track"),1,0) -> 0 | AP6: =IFERROR(IF(Calc_Helper!T6="","",Calc_Helper!T6),"") | AQ6: =IF(Calc_Helper!T6=TRUE(),1,0) -> 0
A7: =IF(Clean_Data!A7="","Unknown",Clean_Data!A7) -> TSK-0006 | B7: =IF(Clean_Data!B7="","Unknown",Clean_Data!B7) -> CRM Migration | C7: =IF(Clean_Data!C7="","Unknown",Clean_Data!C7) -> Finance | D7: =IF(Clean_Data!D7="","Unknown",Clean_Data!D7) -> Deepak Nair | E7: =IF(Clean_Data!E7="","Unknown",Clean_Data!E7) -> Manager | F7: =IF(Clean_Data!F7="","Unknown",Clean_Data!F7) -> High | G7: =IF(Clean_Data!G7="","Unknown",Clean_Data!G7) -> Documentation | H7: =IF(Clean_Data!K7="","Unknown",Clean_Data!K7) -> In Progress | I7: =Clean_Data!H7 -> 45490 | J7: =Clean_Data!I7 -> 45512 | K7: =Clean_Data!J7 | L7: =IF(Calc_Helper!I7="","Unknown",Calc_Helper!I7) -> 2024-08 | M7: =IF(Calc_Helper!J7="","Unknown",Calc_Helper!J7) -> 2024-07 | N7: =IF(Calc_Helper!K7="","",Calc_Helper!K7) | O7: =IFERROR(Calc_Helper!L7,"") -> 2024 | P7: =IFERROR(Calc_Helper!M7,"") -> 7 | Q7: =IF(Calc_Helper!N7="","Unknown",Calc_Helper!N7) -> July | R7: =IFERROR(IF(ISNUMBER(Clean_Data!L7),Clean_Data!L7,0),0) -> 0.73 | S7: =IFERROR(IF(ISNUMBER(Clean_Data!M7),Clean_Data!M7,0),0) -> 66.5 | T7: =IF(Clean_Data!N7="","",IFERROR(IF(ISNUMBER(Clean_Data!N7),Clean_Data!N7,""),"")) -> 25.2 | U7: =IFERROR(IF(ISNUMBER(Clean_Data!O7),Clean_Data!O7,0),0) -> -41.3 | V7: =IFERROR(IF(ISNUMBER(Calc_Helper!E7),Calc_Helper!E7,0),0) -> 636 | W7: =IFERROR(IF(ISNUMBER(Calc_Helper!F7),Calc_Helper!F7,0),0) -> 614 | X7: =IFERROR(IF(ISNUMBER(Calc_Helper!G7),Calc_Helper!G7,0),0) -> 0 | Y7: =IFERROR(IF(ISNUMBER(Calc_Helper!H7),Calc_Helper!H7,0),0) -> 636 | Z7: =Calc_Helper!B7 -> FALSE | AA7: =IF(Calc_Helper!B7=TRUE(),1,0) -> 0 | AB7: =Calc_Helper!C7 -> TRUE | AC7: =IF(Calc_Helper!C7=TRUE(),1,0) -> 1 | AD7: =Calc_Helper!D7 -> TRUE | AE7: =IF(Calc_Helper!D7=TRUE(),1,0) -> 1 | AF7: =Calc_Helper!O7 -> TRUE | AG7: =IF(Calc_Helper!O7=TRUE(),1,0) -> 1 | AH7: =Calc_Helper!P7 -> TRUE | AI7: =IF(Calc_Helper!P7=TRUE(),1,0) -> 1 | AJ7: =Calc_Helper!Q7 -> TRUE | AK7: =IF(Calc_Helper!Q7=TRUE(),1,0) -> 1 | AL7: =Calc_Helper!R7 -> TRUE | AM7: =IF(Calc_Helper!R7=TRUE(),1,0) -> 1 | AN7: =IF(Calc_Helper!S7="","Unknown",Calc_Helper!S7) -> On Track | AO7: =IF(OR(Calc_Helper!S7="Healthy",Calc_Helper!S7="On Track"),1,0) -> 1 | AP7: =IFERROR(IF(Calc_Helper!T7="","",Calc_Helper!T7),"") | AQ7: =IF(Calc_Helper!T7=TRUE(),1,0) -> 0
A8: =IF(Clean_Data!A8="","Unknown",Clean_Data!A8) -> TSK-0007 | B8: =IF(Clean_Data!B8="","Unknown",Clean_Data!B8) -> Mobile App v2 | C8: =IF(Clean_Data!C8="","Unknown",Clean_Data!C8) -> HR | D8: =IF(Clean_Data!D8="","Unknown",Clean_Data!D8) -> Sneha Gupta | E8: =IF(Clean_Data!E8="","Unknown",Clean_Data!E8) -> Lead | F8: =IF(Clean_Data!F8="","Unknown",Clean_Data!F8) -> Medium | G8: =IF(Clean_Data!G8="","Unknown",Clean_Data!G8) -> Documentation | H8: =IF(Clean_Data!K8="","Unknown",Clean_Data!K8) -> In Progress | I8: =Clean_Data!H8 -> 45369 | J8: =Clean_Data!I8 -> 45390 | K8: =Clean_Data!J8 | L8: =IF(Calc_Helper!I8="","Unknown",Calc_Helper!I8) -> 2024-04 | M8: =IF(Calc_Helper!J8="","Unknown",Calc_Helper!J8) -> 2024-03 | N8: =IF(Calc_Helper!K8="","",Calc_Helper!K8) | O8: =IFERROR(Calc_Helper!L8,"") -> 2024 | P8: =IFERROR(Calc_Helper!M8,"") -> 3 | Q8: =IF(Calc_Helper!N8="","Unknown",Calc_Helper!N8) -> March | R8: =IFERROR(IF(ISNUMBER(Clean_Data!L8),Clean_Data!L8,0),0) -> 0.65 | S8: =IFERROR(IF(ISNUMBER(Clean_Data!M8),Clean_Data!M8,0),0) -> 60.8 | T8: =IF(Clean_Data!N8="","",IFERROR(IF(ISNUMBER(Clean_Data!N8),Clean_Data!N8,""),"")) -> 32.8 | U8: =IFERROR(IF(ISNUMBER(Clean_Data!O8),Clean_Data!O8,0),0) -> -28 | V8: =IFERROR(IF(ISNUMBER(Calc_Helper!E8),Calc_Helper!E8,0),0) -> 757 | W8: =IFERROR(IF(ISNUMBER(Calc_Helper!F8),Calc_Helper!F8,0),0) -> 736 | X8: =IFERROR(IF(ISNUMBER(Calc_Helper!G8),Calc_Helper!G8,0),0) -> 0 | Y8: =IFERROR(IF(ISNUMBER(Calc_Helper!H8),Calc_Helper!H8,0),0) -> 757 | Z8: =Calc_Helper!B8 -> FALSE | AA8: =IF(Calc_Helper!B8=TRUE(),1,0) -> 0 | AB8: =Calc_Helper!C8 -> TRUE | AC8: =IF(Calc_Helper!C8=TRUE(),1,0) -> 1 | AD8: =Calc_Helper!D8 -> TRUE | AE8: =IF(Calc_Helper!D8=TRUE(),1,0) -> 1 | AF8: =Calc_Helper!O8 -> TRUE | AG8: =IF(Calc_Helper!O8=TRUE(),1,0) -> 1 | AH8: =Calc_Helper!P8 -> FALSE | AI8: =IF(Calc_Helper!P8=TRUE(),1,0) -> 0 | AJ8: =Calc_Helper!Q8 -> FALSE | AK8: =IF(Calc_Helper!Q8=TRUE(),1,0) -> 0 | AL8: =Calc_Helper!R8 -> TRUE | AM8: =IF(Calc_Helper!R8=TRUE(),1,0) -> 1 | AN8: =IF(Calc_Helper!S8="","Unknown",Calc_Helper!S8) -> On Track | AO8: =IF(OR(Calc_Helper!S8="Healthy",Calc_Helper!S8="On Track"),1,0) -> 1 | AP8: =IFERROR(IF(Calc_Helper!T8="","",Calc_Helper!T8),"") | AQ8: =IF(Calc_Helper!T8=TRUE(),1,0) -> 0
A9: =IF(Clean_Data!A9="","Unknown",Clean_Data!A9) -> TSK-0008 | B9: =IF(Clean_Data!B9="","Unknown",Clean_Data!B9) -> Annual Audit | C9: =IF(Clean_Data!C9="","Unknown",Clean_Data!C9) -> Sales | D9: =IF(Clean_Data!D9="","Unknown",Clean_Data!D9) -> Kavita Rao | E9: =IF(Clean_Data!E9="","Unknown",Clean_Data!E9) -> Analyst | F9: =IF(Clean_Data!F9="","Unknown",Clean_Data!F9) -> Critical | G9: =IF(Clean_Data!G9="","Unknown",Clean_Data!G9) -> Development | H9: =IF(Clean_Data!K9="","Unknown",Clean_Data!K9) -> In Progress | I9: =Clean_Data!H9 -> 45352 | J9: =Clean_Data!I9 -> 45366 | K9: =Clean_Data!J9 | L9: =IF(Calc_Helper!I9="","Unknown",Calc_Helper!I9) -> 2024-03 | M9: =IF(Calc_Helper!J9="","Unknown",Calc_Helper!J9) -> 2024-03 | N9: =IF(Calc_Helper!K9="","",Calc_Helper!K9) | O9: =IFERROR(Calc_Helper!L9,"") -> 2024 | P9: =IFERROR(Calc_Helper!M9,"") -> 3 | Q9: =IF(Calc_Helper!N9="","Unknown",Calc_Helper!N9) -> March | R9: =IFERROR(IF(ISNUMBER(Clean_Data!L9),Clean_Data!L9,0),0) -> 0 | S9: =IFERROR(IF(ISNUMBER(Clean_Data!M9),Clean_Data!M9,0),0) -> 33 | T9: =IF(Clean_Data!N9="","",IFERROR(IF(ISNUMBER(Clean_Data!N9),Clean_Data!N9,""),"")) -> 16.7 | U9: =IFERROR(IF(ISNUMBER(Clean_Data!O9),Clean_Data!O9,0),0) -> -16.3 | V9: =IFERROR(IF(ISNUMBER(Calc_Helper!E9),Calc_Helper!E9,0),0) -> 774 | W9: =IFERROR(IF(ISNUMBER(Calc_Helper!F9),Calc_Helper!F9,0),0) -> 760 | X9: =IFERROR(IF(ISNUMBER(Calc_Helper!G9),Calc_Helper!G9,0),0) -> 0 | Y9: =IFERROR(IF(ISNUMBER(Calc_Helper!H9),Calc_Helper!H9,0),0) -> 774 | Z9: =Calc_Helper!B9 -> FALSE | AA9: =IF(Calc_Helper!B9=TRUE(),1,0) -> 0 | AB9: =Calc_Helper!C9 -> TRUE | AC9: =IF(Calc_Helper!C9=TRUE(),1,0) -> 1 | AD9: =Calc_Helper!D9 -> TRUE | AE9: =IF(Calc_Helper!D9=TRUE(),1,0) -> 1 | AF9: =Calc_Helper!O9 -> TRUE | AG9: =IF(Calc_Helper!O9=TRUE(),1,0) -> 1 | AH9: =Calc_Helper!P9 -> TRUE | AI9: =IF(Calc_Helper!P9=TRUE(),1,0) -> 1 | AJ9: =Calc_Helper!Q9 -> TRUE | AK9: =IF(Calc_Helper!Q9=TRUE(),1,0) -> 1 | AL9: =Calc_Helper!R9 -> TRUE | AM9: =IF(Calc_Helper!R9=TRUE(),1,0) -> 1 | AN9: =IF(Calc_Helper!S9="","Unknown",Calc_Helper!S9) -> N/A | AO9: =IF(OR(Calc_Helper!S9="Healthy",Calc_Helper!S9="On Track"),1,0) -> 0 | AP9: =IFERROR(IF(Calc_Helper!T9="","",Calc_Helper!T9),"") | AQ9: =IF(Calc_Helper!T9=TRUE(),1,0) -> 0
A10: =IF(Clean_Data!A10="","Unknown",Clean_Data!A10) -> TSK-0009 | B10: =IF(Clean_Data!B10="","Unknown",Clean_Data!B10) -> CRM Migration | C10: =IF(Clean_Data!C10="","Unknown",Clean_Data!C10) -> HR | D10: =IF(Clean_Data!D10="","Unknown",Clean_Data!D10) -> Sanjay Kulkarni | E10: =IF(Clean_Data!E10="","Unknown",Clean_Data!E10) -> Designer | F10: =IF(Clean_Data!F10="","Unknown",Clean_Data!F10) -> High | G10: =IF(Clean_Data!G10="","Unknown",Clean_Data!G10) -> Planning | H10: =IF(Clean_Data!K10="","Unknown",Clean_Data!K10) -> On Hold | I10: =Clean_Data!H10 -> 45518 | J10: =Clean_Data!I10 -> 45533 | K10: =Clean_Data!J10 | L10: =IF(Calc_Helper!I10="","Unknown",Calc_Helper!I10) -> 2024-08 | M10: =IF(Calc_Helper!J10="","Unknown",Calc_Helper!J10) -> 2024-08 | N10: =IF(Calc_Helper!K10="","",Calc_Helper!K10) | O10: =IFERROR(Calc_Helper!L10,"") -> 2024 | P10: =IFERROR(Calc_Helper!M10,"") -> 8 | Q10: =IF(Calc_Helper!N10="","Unknown",Calc_Helper!N10) -> August | R10: =IFERROR(IF(ISNUMBER(Clean_Data!L10),Clean_Data!L10,0),0) -> 0 | S10: =IFERROR(IF(ISNUMBER(Clean_Data!M10),Clean_Data!M10,0),0) -> 70.6 | T10: =IF(Clean_Data!N10="","",IFERROR(IF(ISNUMBER(Clean_Data!N10),Clean_Data!N10,""),"")) -> 0 | U10: =IFERROR(IF(ISNUMBER(Clean_Data!O10),Clean_Data!O10,0),0) -> -70.6 | V10: =IFERROR(IF(ISNUMBER(Calc_Helper!E10),Calc_Helper!E10,0),0) -> 608 | W10: =IFERROR(IF(ISNUMBER(Calc_Helper!F10),Calc_Helper!F10,0),0) -> 593 | X10: =IFERROR(IF(ISNUMBER(Calc_Helper!G10),Calc_Helper!G10,0),0) -> 0 | Y10: =IFERROR(IF(ISNUMBER(Calc_Helper!H10),Calc_Helper!H10,0),0) -> 608 | Z10: =Calc_Helper!B10 -> FALSE | AA10: =IF(Calc_Helper!B10=TRUE(),1,0) -> 0 | AB10: =Calc_Helper!C10 -> TRUE | AC10: =IF(Calc_Helper!C10=TRUE(),1,0) -> 1 | AD10: =Calc_Helper!D10 -> TRUE | AE10: =IF(Calc_Helper!D10=TRUE(),1,0) -> 1 | AF10: =Calc_Helper!O10 -> TRUE | AG10: =IF(Calc_Helper!O10=TRUE(),1,0) -> 1 | AH10: =Calc_Helper!P10 -> TRUE | AI10: =IF(Calc_Helper!P10=TRUE(),1,0) -> 1 | AJ10: =Calc_Helper!Q10 -> TRUE | AK10: =IF(Calc_Helper!Q10=TRUE(),1,0) -> 1 | AL10: =Calc_Helper!R10 -> FALSE | AM10: =IF(Calc_Helper!R10=TRUE(),1,0) -> 0 | AN10: =IF(Calc_Helper!S10="","Unknown",Calc_Helper!S10) -> N/A | AO10: =IF(OR(Calc_Helper!S10="Healthy",Calc_Helper!S10="On Track"),1,0) -> 0 | AP10: =IFERROR(IF(Calc_Helper!T10="","",Calc_Helper!T10),"") | AQ10: =IF(Calc_Helper!T10=TRUE(),1,0) -> 0
A11: =IF(Clean_Data!A11="","Unknown",Clean_Data!A11) -> TSK-0010 | B11: =IF(Clean_Data!B11="","Unknown",Clean_Data!B11) -> Supply Chain Optimization | C11: =IF(Clean_Data!C11="","Unknown",Clean_Data!C11) -> Finance | D11: =IF(Clean_Data!D11="","Unknown",Clean_Data!D11) -> Meera Thakur | E11: =IF(Clean_Data!E11="","Unknown",Clean_Data!E11) -> Designer | F11: =IF(Clean_Data!F11="","Unknown",Clean_Data!F11) -> Critical | G11: =IF(Clean_Data!G11="","Unknown",Clean_Data!G11) -> Deployment | H11: =IF(Clean_Data!K11="","Unknown",Clean_Data!K11) -> In Progress | I11: =Clean_Data!H11 -> 45607 | J11: =Clean_Data!I11 -> 45624 | K11: =Clean_Data!J11 | L11: =IF(Calc_Helper!I11="","Unknown",Calc_Helper!I11) -> 2024-11 | M11: =IF(Calc_Helper!J11="","Unknown",Calc_Helper!J11) -> 2024-11 | N11: =IF(Calc_Helper!K11="","",Calc_Helper!K11) | O11: =IFERROR(Calc_Helper!L11,"") -> 2024 | P11: =IFERROR(Calc_Helper!M11,"") -> 11 | Q11: =IF(Calc_Helper!N11="","Unknown",Calc_Helper!N11) -> November | R11: =IFERROR(IF(ISNUMBER(Clean_Data!L11),Clean_Data!L11,0),0) -> 0.57 | S11: =IFERROR(IF(ISNUMBER(Clean_Data!M11),Clean_Data!M11,0),0) -> 49.5 | T11: =IF(Clean_Data!N11="","",IFERROR(IF(ISNUMBER(Clean_Data!N11),Clean_Data!N11,""),"")) -> 6.8 | U11: =IFERROR(IF(ISNUMBER(Clean_Data!O11),Clean_Data!O11,0),0) -> -42.7 | V11: =IFERROR(IF(ISNUMBER(Calc_Helper!E11),Calc_Helper!E11,0),0) -> 519 | W11: =IFERROR(IF(ISNUMBER(Calc_Helper!F11),Calc_Helper!F11,0),0) -> 502 | X11: =IFERROR(IF(ISNUMBER(Calc_Helper!G11),Calc_Helper!G11,0),0) -> 0 | Y11: =IFERROR(IF(ISNUMBER(Calc_Helper!H11),Calc_Helper!H11,0),0) -> 519 | Z11: =Calc_Helper!B11 -> FALSE | AA11: =IF(Calc_Helper!B11=TRUE(),1,0) -> 0 | AB11: =Calc_Helper!C11 -> TRUE | AC11: =IF(Calc_Helper!C11=TRUE(),1,0) -> 1 | AD11: =Calc_Helper!D11 -> TRUE | AE11: =IF(Calc_Helper!D11=TRUE(),1,0) -> 1 | AF11: =Calc_Helper!O11 -> TRUE | AG11: =IF(Calc_Helper!O11=TRUE(),1,0) -> 1 | AH11: =Calc_Helper!P11 -> TRUE | AI11: =IF(Calc_Helper!P11=TRUE(),1,0) -> 1 | AJ11: =Calc_Helper!Q11 -> TRUE | AK11: =IF(Calc_Helper!Q11=TRUE(),1,0) -> 1 | AL11: =Calc_Helper!R11 -> TRUE | AM11: =IF(Calc_Helper!R11=TRUE(),1,0) -> 1 | AN11: =IF(Calc_Helper!S11="","Unknown",Calc_Helper!S11) -> On Track | AO11: =IF(OR(Calc_Helper!S11="Healthy",Calc_Helper!S11="On Track"),1,0) -> 1 | AP11: =IFERROR(IF(Calc_Helper!T11="","",Calc_Helper!T11),"") | AQ11: =IF(Calc_Helper!T11=TRUE(),1,0) -> 0
A12: =IF(Clean_Data!A12="","Unknown",Clean_Data!A12) -> TSK-0011 | B12: =IF(Clean_Data!B12="","Unknown",Clean_Data!B12) -> Product Launch | C12: =IF(Clean_Data!C12="","Unknown",Clean_Data!C12) -> IT | D12: =IF(Clean_Data!D12="","Unknown",Clean_Data!D12) -> Sneha Gupta | E12: =IF(Clean_Data!E12="","Unknown",Clean_Data!E12) -> Analyst | F12: =IF(Clean_Data!F12="","Unknown",Clean_Data!F12) -> High | G12: =IF(Clean_Data!G12="","Unknown",Clean_Data!G12) -> Deployment | H12: =IF(Clean_Data!K12="","Unknown",Clean_Data!K12) -> In Progress | I12: =Clean_Data!H12 -> 45331 | J12: =Clean_Data!I12 -> 45384 | K12: =Clean_Data!J12 | L12: =IF(Calc_Helper!I12="","Unknown",Calc_Helper!I12) -> 2024-04 | M12: =IF(Calc_Helper!J12="","Unknown",Calc_Helper!J12) -> 2024-02 | N12: =IF(Calc_Helper!K12="","",Calc_Helper!K12) | O12: =IFERROR(Calc_Helper!L12,"") -> 2024 | P12: =IFERROR(Calc_Helper!M12,"") -> 2 | Q12: =IF(Calc_Helper!N12="","Unknown",Calc_Helper!N12) -> February | R12: =IFERROR(IF(ISNUMBER(Clean_Data!L12),Clean_Data!L12,0),0) -> 0.62 | S12: =IFERROR(IF(ISNUMBER(Clean_Data!M12),Clean_Data!M12,0),0) -> 24.1 | T12: =IF(Clean_Data!N12="","",IFERROR(IF(ISNUMBER(Clean_Data!N12),Clean_Data!N12,""),"")) -> 10.3 | U12: =IFERROR(IF(ISNUMBER(Clean_Data!O12),Clean_Data!O12,0),0) -> -13.8 | V12: =IFERROR(IF(ISNUMBER(Calc_Helper!E12),Calc_Helper!E12,0),0) -> 795 | W12: =IFERROR(IF(ISNUMBER(Calc_Helper!F12),Calc_Helper!F12,0),0) -> 742 | X12: =IFERROR(IF(ISNUMBER(Calc_Helper!G12),Calc_Helper!G12,0),0) -> 0 | Y12: =IFERROR(IF(ISNUMBER(Calc_Helper!H12),Calc_Helper!H12,0),0) -> 795 | Z12: =Calc_Helper!B12 -> FALSE | AA12: =IF(Calc_Helper!B12=TRUE(),1,0) -> 0 | AB12: =Calc_Helper!C12 -> TRUE | AC12: =IF(Calc_Helper!C12=TRUE(),1,0) -> 1 | AD12: =Calc_Helper!D12 -> TRUE | AE12: =IF(Calc_Helper!D12=TRUE(),1,0) -> 1 | AF12: =Calc_Helper!O12 -> TRUE | AG12: =IF(Calc_Helper!O12=TRUE(),1,0) -> 1 | AH12: =Calc_Helper!P12 -> TRUE | AI12: =IF(Calc_Helper!P12=TRUE(),1,0) -> 1 | AJ12: =Calc_Helper!Q12 -> TRUE | AK12: =IF(Calc_Helper!Q12=TRUE(),1,0) -> 1 | AL12: =Calc_Helper!R12 -> TRUE | AM12: =IF(Calc_Helper!R12=TRUE(),1,0) -> 1 | AN12: =IF(Calc_Helper!S12="","Unknown",Calc_Helper!S12) -> On Track | AO12: =IF(OR(Calc_Helper!S12="Healthy",Calc_Helper!S12="On Track"),1,0) -> 1 | AP12: =IFERROR(IF(Calc_Helper!T12="","",Calc_Helper!T12),"") | AQ12: =IF(Calc_Helper!T12=TRUE(),1,0) -> 0
A13: =IF(Clean_Data!A13="","Unknown",Clean_Data!A13) -> TSK-0012 | B13: =IF(Clean_Data!B13="","Unknown",Clean_Data!B13) -> Product Launch | C13: =IF(Clean_Data!C13="","Unknown",Clean_Data!C13) -> HR | D13: =IF(Clean_Data!D13="","Unknown",Clean_Data!D13) -> Arjun Mehta | E13: =IF(Clean_Data!E13="","Unknown",Clean_Data!E13) -> Tester | F13: =IF(Clean_Data!F13="","Unknown",Clean_Data!F13) -> Medium | G13: =IF(Clean_Data!G13="","Unknown",Clean_Data!G13) -> Deployment | H13: =IF(Clean_Data!K13="","Unknown",Clean_Data!K13) -> In Progress | I13: =Clean_Data!H13 -> 45527 | J13: =Clean_Data!I13 -> 45539 | K13: =Clean_Data!J13 | L13: =IF(Calc_Helper!I13="","Unknown",Calc_Helper!I13) -> 2024-09 | M13: =IF(Calc_Helper!J13="","Unknown",Calc_Helper!J13) -> 2024-08 | N13: =IF(Calc_Helper!K13="","",Calc_Helper!K13) | O13: =IFERROR(Calc_Helper!L13,"") -> 2024 | P13: =IFERROR(Calc_Helper!M13,"") -> 8 | Q13: =IF(Calc_Helper!N13="","Unknown",Calc_Helper!N13) -> August | R13: =IFERROR(IF(ISNUMBER(Clean_Data!L13),Clean_Data!L13,0),0) -> 0.38 | S13: =IFERROR(IF(ISNUMBER(Clean_Data!M13),Clean_Data!M13,0),0) -> 48.7 | T13: =IF(Clean_Data!N13="","",IFERROR(IF(ISNUMBER(Clean_Data!N13),Clean_Data!N13,""),"")) | U13: =IFERROR(IF(ISNUMBER(Clean_Data!O13),Clean_Data!O13,0),0) -> 0 | V13: =IFERROR(IF(ISNUMBER(Calc_Helper!E13),Calc_Helper!E13,0),0) -> 599 | W13: =IFERROR(IF(ISNUMBER(Calc_Helper!F13),Calc_Helper!F13,0),0) -> 587 | X13: =IFERROR(IF(ISNUMBER(Calc_Helper!G13),Calc_Helper!G13,0),0) -> 0 | Y13: =IFERROR(IF(ISNUMBER(Calc_Helper!H13),Calc_Helper!H13,0),0) -> 599 | Z13: =Calc_Helper!B13 -> FALSE | AA13: =IF(Calc_Helper!B13=TRUE(),1,0) -> 0 | AB13: =Calc_Helper!C13 -> TRUE | AC13: =IF(Calc_Helper!C13=TRUE(),1,0) -> 1 | AD13: =Calc_Helper!D13 -> TRUE | AE13: =IF(Calc_Helper!D13=TRUE(),1,0) -> 1 | AF13: =Calc_Helper!O13 -> TRUE | AG13: =IF(Calc_Helper!O13=TRUE(),1,0) -> 1 | AH13: =Calc_Helper!P13 -> FALSE | AI13: =IF(Calc_Helper!P13=TRUE(),1,0) -> 0 | AJ13: =Calc_Helper!Q13 -> FALSE | AK13: =IF(Calc_Helper!Q13=TRUE(),1,0) -> 0 | AL13: =Calc_Helper!R13 -> TRUE | AM13: =IF(Calc_Helper!R13=TRUE(),1,0) -> 1 | AN13: =IF(Calc_Helper!S13="","Unknown",Calc_Helper!S13) -> Slow | AO13: =IF(OR(Calc_Helper!S13="Healthy",Calc_Helper!S13="On Track"),1,0) -> 0 | AP13: =IFERROR(IF(Calc_Helper!T13="","",Calc_Helper!T13),"") | AQ13: =IF(Calc_Helper!T13=TRUE(),1,0) -> 0
... A121: =IF(Clean_Data!A121="","Unknown",Clean_Data!A121) -> TSK-0120 | B121: =IF(Clean_Data!B121="","Unknown",Clean_Data!B121) -> Marketing Campaign | C121: =IF(Clean_Data!C121="","Unknown",Clean_Data!C121) -> HR | D121: =IF(Clean_Data!D121="","Unknown",Clean_Data!D121) -> Amit Verma | E121: =IF(Clean_Data!E121="","Unknown",Clean_Data!E121) -> Lead | F121: =IF(Clean_Data!F121="","Unknown",Clean_Data!F121) -> Low | G121: =IF(Clean_Data!G121="","Unknown",Clean_Data!G121) -> Deployment | H121: =IF(Clean_Data!K121="","Unknown",Clean_Data!K121) -> Cancelled | I121: =Clean_Data!H121 -> 45484 | J121: =Clean_Data!I121 -> 45540 | K121: =Clean_Data!J121 | L121: =IF(Calc_Helper!I121="","Unknown",Calc_Helper!I121) -> 2024-09 | M121: =IF(Calc_Helper!J121="","Unknown",Calc_Helper!J121) -> 2024-07 | N121: =IF(Calc_Helper!K121="","",Calc_Helper!K121) | O121: =IFERROR(Calc_Helper!L121,"") -> 2024 | P121: =IFERROR(Calc_Helper!M121,"") -> 7 | Q121: =IF(Calc_Helper!N121="","Unknown",Calc_Helper!N121) -> July | R121: =IFERROR(IF(ISNUMBER(Clean_Data!L121),Clean_Data!L121,0),0) -> 0 | S121: =IFERROR(IF(ISNUMBER(Clean_Data!M121),Clean_Data!M121,0),0) -> 64.9 | T121: =IF(Clean_Data!N121="","",IFERROR(IF(ISNUMBER(Clean_Data!N121),Clean_Data!N121,""),"")) | U121: =IFERROR(IF(ISNUMBER(Clean_Data!O121),Clean_Data!O121,0),0) -> 0 | V121: =IFERROR(IF(ISNUMBER(Calc_Helper!E121),Calc_Helper!E121,0),0) -> 0 | W121: =IFERROR(IF(ISNUMBER(Calc_Helper!F121),Calc_Helper!F121,0),0) -> 0 | X121: =IFERROR(IF(ISNUMBER(Calc_Helper!G121),Calc_Helper!G121,0),0) -> 0 | Y121: =IFERROR(IF(ISNUMBER(Calc_Helper!H121),Calc_Helper!H121,0),0) -> 642 | Z121: =Calc_Helper!B121 -> FALSE | AA121: =IF(Calc_Helper!B121=TRUE(),1,0) -> 0 | AB121: =Calc_Helper!C121 -> FALSE | AC121: =IF(Calc_Helper!C121=TRUE(),1,0) -> 0 | AD121: =Calc_Helper!D121 -> FALSE | AE121: =IF(Calc_Helper!D121=TRUE(),1,0) -> 0 | AF121: =Calc_Helper!O121 -> FALSE | AG121: =IF(Calc_Helper!O121=TRUE(),1,0) -> 0 | AH121: =Calc_Helper!P121 -> FALSE | AI121: =IF(Calc_Helper!P121=TRUE(),1,0) -> 0 | AJ121: =Calc_Helper!Q121 -> FALSE | AK121: =IF(Calc_Helper!Q121=TRUE(),1,0) -> 0 | AL121: =Calc_Helper!R121 -> FALSE | AM121: =IF(Calc_Helper!R121=TRUE(),1,0) -> 0 | AN121: =IF(Calc_Helper!S121="","Unknown",Calc_Helper!S121) -> N/A | AO121: =IF(OR(Calc_Helper!S121="Healthy",Calc_Helper!S121="On Track"),1,0) -> 0 | AP121: =IFERROR(IF(Calc_Helper!T121="","",Calc_Helper!T121),"") | AQ121: =IF(Calc_Helper!T121=TRUE(),1,0) -> 0
